Model,MSO2024
Firmware Version,1.52

Point Format,Y
Horizontal Units,S
Horizontal Scale,0.01
Sample Interval,3.2e-05
Filter Frequency,2e+08
Record Length,3125
Gating,0.0% to 100.0%
Probe Attenuation,1
Vertical Units,V
Vertical Offset,0
Vertical Scale,0.1
Label,
TIME,CH1
1.2840e-01,0.0653906
1.2843e-01,0.0671406
1.2846e-01,0.0674063
1.2850e-01,0.068625
1.2853e-01,0.0714063
1.2856e-01,0.0754531
1.2859e-01,0.0795781
1.2862e-01,0.081375
1.2866e-01,0.0837813
1.2869e-01,0.0884063
1.2872e-01,0.0903125
1.2875e-01,0.0925938
1.2878e-01,0.0960469
1.2882e-01,0.0979688
1.2885e-01,0.101609
1.2888e-01,0.107547
1.2891e-01,0.112375
1.2894e-01,0.115766
1.2898e-01,0.117797
1.2901e-01,0.121766
1.2904e-01,0.123844
1.2907e-01,0.126047
1.2910e-01,0.126891
1.2914e-01,0.125375
1.2917e-01,0.126344
1.2920e-01,0.126031
1.2923e-01,0.126547
1.2926e-01,0.124719
1.2930e-01,0.122625
1.2933e-01,0.121047
1.2936e-01,0.117
1.2939e-01,0.111391
1.2942e-01,0.106141
1.2946e-01,0.10225
1.2949e-01,0.0979844
1.2952e-01,0.0917656
1.2955e-01,0.0862969
1.2958e-01,0.0804219
1.2962e-01,0.0746719
1.2965e-01,0.0687031
1.2968e-01,0.0641563
1.2971e-01,0.0600938
1.2974e-01,0.0555625
1.2978e-01,0.0519688
1.2981e-01,0.0482969
1.2984e-01,0.0453438
1.2987e-01,0.0421719
1.2990e-01,0.0389219
1.2994e-01,0.0365781
1.2997e-01,0.0339688
1.3000e-01,0.0326563
1.3003e-01,0.0315313
1.3006e-01,0.0300156
1.3010e-01,0.028875
1.3013e-01,0.0271875
1.3016e-01,0.026375
1.3019e-01,0.0259531
1.3022e-01,0.0259063
1.3026e-01,0.0245781
1.3029e-01,0.0244531
1.3032e-01,0.0239531
1.3035e-01,0.0237188
1.3038e-01,0.0234375
1.3042e-01,0.0232031
1.3045e-01,0.0228125
1.3048e-01,0.0231875
1.3051e-01,0.0234844
1.3054e-01,0.0237813
1.3058e-01,0.0236719
1.3061e-01,0.0240156
1.3064e-01,0.0242969
1.3067e-01,0.0252344
1.3070e-01,0.0248281
1.3074e-01,0.026
1.3077e-01,0.027125
1.3080e-01,0.0289219
1.3083e-01,0.0291094
1.3086e-01,0.0303594
1.3090e-01,0.0309219
1.3093e-01,0.0322656
1.3096e-01,0.0327969
1.3099e-01,0.03325
1.3102e-01,0.0333125
1.3106e-01,0.0342188
1.3109e-01,0.0348594
1.3112e-01,0.0358125
1.3115e-01,0.0377656
1.3118e-01,0.0394219
1.3122e-01,0.0396406
1.3125e-01,0.0408281
1.3128e-01,0.0417344
1.3131e-01,0.0422188
1.3134e-01,0.0428438
1.3138e-01,0.0436875
1.3141e-01,0.0452813
1.3144e-01,0.0449531
1.3147e-01,0.044
1.3150e-01,0.0445781
1.3154e-01,0.0449063
1.3157e-01,0.0444844
1.3160e-01,0.0434375
1.3163e-01,0.0428125
1.3166e-01,0.0423594
1.3170e-01,0.0406719
1.3173e-01,0.0399063
1.3176e-01,0.0381094
1.3179e-01,0.0360156
1.3182e-01,0.0345313
1.3186e-01,0.0332188
1.3189e-01,0.0306563
1.3192e-01,0.0297813
1.3195e-01,0.0278906
1.3198e-01,0.026125
1.3202e-01,0.0250938
1.3205e-01,0.0242656
1.3208e-01,0.0224688
1.3211e-01,0.0220156
1.3214e-01,0.0201094
1.3218e-01,0.0198438
1.3221e-01,0.0202813
1.3224e-01,0.0201563
1.3227e-01,0.0188438
1.3230e-01,0.0180156
1.3234e-01,0.0179688
1.3237e-01,0.0179219
1.3240e-01,0.0175938
1.3243e-01,0.018
1.3246e-01,0.0175
1.3250e-01,0.0173438
1.3253e-01,0.01675
1.3256e-01,0.0171563
1.3259e-01,0.017375
1.3262e-01,0.0178438
1.3266e-01,0.0175313
1.3269e-01,0.0164375
1.3272e-01,0.0165
1.3275e-01,0.0168125
1.3278e-01,0.0166875
1.3282e-01,0.0167188
1.3285e-01,0.0178438
1.3288e-01,0.0181563
1.3291e-01,0.018125
1.3294e-01,0.0177656
1.3298e-01,0.0169063
1.3301e-01,0.016375
1.3304e-01,0.0163281
1.3307e-01,0.01625
1.3310e-01,0.0154063
1.3314e-01,0.0146563
1.3317e-01,0.0140156
1.3320e-01,0.0140938
1.3323e-01,0.0135469
1.3326e-01,0.0140625
1.3330e-01,0.0137969
1.3333e-01,0.014
1.3336e-01,0.0139375
1.3339e-01,0.0135781
1.3342e-01,0.0137344
1.3346e-01,0.0131875
1.3349e-01,0.0133906
1.3352e-01,0.0129844
1.3355e-01,0.0128906
1.3358e-01,0.0126719
1.3362e-01,0.0125156
1.3365e-01,0.0129688
1.3368e-01,0.0128281
1.3371e-01,0.0128906
1.3374e-01,0.0139688
1.3378e-01,0.0142188
1.3381e-01,0.0138438
1.3384e-01,0.014
1.3387e-01,0.0139063
1.3390e-01,0.0139844
1.3394e-01,0.014625
1.3397e-01,0.0153125
1.3400e-01,0.0161406
1.3403e-01,0.0161094
1.3406e-01,0.0153594
1.3410e-01,0.0154375
1.3413e-01,0.0160781
1.3416e-01,0.0152813
1.3419e-01,0.0151719
1.3422e-01,0.0148438
1.3426e-01,0.0149063
1.3429e-01,0.0155156
1.3432e-01,0.016375
1.3435e-01,0.0169063
1.3438e-01,0.016875
1.3442e-01,0.0174688
1.3445e-01,0.0170938
1.3448e-01,0.0175781
1.3451e-01,0.0179219
1.3454e-01,0.0180469
1.3458e-01,0.0186094
1.3461e-01,0.0184844
1.3464e-01,0.0191094
1.3467e-01,0.0192031
1.3470e-01,0.0192188
1.3474e-01,0.0204531
1.3477e-01,0.0219063
1.3480e-01,0.0218906
1.3483e-01,0.0223438
1.3486e-01,0.0230469
1.3490e-01,0.0241875
1.3493e-01,0.0245313
1.3496e-01,0.0256094
1.3499e-01,0.0266094
1.3502e-01,0.0265781
1.3506e-01,0.0294688
1.3509e-01,0.0296563
1.3512e-01,0.0314063
1.3515e-01,0.0309375
1.3518e-01,0.0329531
1.3522e-01,0.0346719
1.3525e-01,0.0360313
1.3528e-01,0.036875
1.3531e-01,0.0380625
1.3534e-01,0.0399844
1.3538e-01,0.0416563
1.3541e-01,0.0445313
1.3544e-01,0.0464375
1.3547e-01,0.0487656
1.3550e-01,0.0494219
1.3554e-01,0.0511875
1.3557e-01,0.0530625
1.3560e-01,0.0559063
1.3563e-01,0.0559219
1.3566e-01,0.057125
1.3570e-01,0.0598281
1.3573e-01,0.0607969
1.3576e-01,0.0610156
1.3579e-01,0.0615938
1.3582e-01,0.0616719
1.3586e-01,0.0599688
1.3589e-01,0.0576719
1.3592e-01,0.0555156
1.3595e-01,0.0540156
1.3598e-01,0.0521094
1.3602e-01,0.0493438
1.3605e-01,0.0467656
1.3608e-01,0.0435
1.3611e-01,0.0414375
1.3614e-01,0.038625
1.3618e-01,0.0369531
1.3621e-01,0.0351563
1.3624e-01,0.0338125
1.3627e-01,0.0328125
1.3630e-01,0.0302031
1.3634e-01,0.0300781
1.3637e-01,0.0284219
1.3640e-01,0.0285625
1.3643e-01,0.0279219
1.3646e-01,0.0281719
1.3650e-01,0.028625
1.3653e-01,0.0284688
1.3656e-01,0.0294063
1.3659e-01,0.0292656
1.3662e-01,0.0310469
1.3666e-01,0.0322188
1.3669e-01,0.0329219
1.3672e-01,0.0336406
1.3675e-01,0.0350313
1.3678e-01,0.0364375
1.3682e-01,0.0382969
1.3685e-01,0.0400625
1.3688e-01,0.0409844
1.3691e-01,0.041375
1.3694e-01,0.04175
1.3698e-01,0.0444219
1.3701e-01,0.044625
1.3704e-01,0.0469219
1.3707e-01,0.0498125
1.3710e-01,0.0537188
1.3714e-01,0.0563906
1.3717e-01,0.0589219
1.3720e-01,0.0625625
1.3723e-01,0.0654063
1.3726e-01,0.0675313
1.3730e-01,0.0719063
1.3733e-01,0.0767969
1.3736e-01,0.0797344
1.3739e-01,0.0839375
1.3742e-01,0.0887813
1.3746e-01,0.0935313
1.3749e-01,0.0982188
1.3752e-01,0.102969
1.3755e-01,0.105453
1.3758e-01,0.109172
1.3762e-01,0.113219
1.3765e-01,0.114531
1.3768e-01,0.11775
1.3771e-01,0.117328
1.3774e-01,0.119969
1.3778e-01,0.119531
1.3781e-01,0.121141
1.3784e-01,0.119563
1.3787e-01,0.117344
1.3790e-01,0.115047
1.3794e-01,0.113016
1.3797e-01,0.110313
1.3800e-01,0.105359
1.3803e-01,0.100297
1.3806e-01,0.0950625
1.3810e-01,0.091375
1.3813e-01,0.086875
1.3816e-01,0.084375
1.3819e-01,0.0825313
1.3822e-01,0.0788594
1.3826e-01,0.0755156
1.3829e-01,0.0742656
1.3832e-01,0.0700781
1.3835e-01,0.0692188
1.3838e-01,0.0677656
1.3842e-01,0.0655781
1.3845e-01,0.0653281
1.3848e-01,0.0654688
1.3851e-01,0.0644063
1.3854e-01,0.0626406
1.3858e-01,0.0617813
1.3861e-01,0.0614219
1.3864e-01,0.0636875
1.3867e-01,0.0637188
1.3870e-01,0.0653594
1.3874e-01,0.0654531
1.3877e-01,0.0653125
1.3880e-01,0.0655313
1.3883e-01,0.0663125
1.3886e-01,0.068375
1.3890e-01,0.070125
1.3893e-01,0.0733125
1.3896e-01,0.0771875
1.3899e-01,0.0806094
1.3902e-01,0.0840313
1.3906e-01,0.0891406
1.3909e-01,0.0967188
1.3912e-01,0.101438
1.3915e-01,0.108344
1.3918e-01,0.116375
1.3922e-01,0.123438
1.3925e-01,0.132188
1.3928e-01,0.137844
1.3931e-01,0.146859
1.3934e-01,0.157797
1.3938e-01,0.169172
1.3941e-01,0.180031
1.3944e-01,0.194203
1.3947e-01,0.203453
1.3950e-01,0.216859
1.3954e-01,0.226781
1.3957e-01,0.238313
1.3960e-01,0.249891
1.3963e-01,0.258984
1.3966e-01,0.269969
1.3970e-01,0.279031
1.3973e-01,0.280438
1.3976e-01,0.283922
1.3979e-01,0.287109
1.3982e-01,0.286781
1.3986e-01,0.283734
1.3989e-01,0.281281
1.3992e-01,0.271922
1.3995e-01,0.26075
1.3998e-01,0.2485
1.4002e-01,0.237234
1.4005e-01,0.221297
1.4008e-01,0.205766
1.4011e-01,0.191781
1.4014e-01,0.177219
1.4018e-01,0.163141
1.4021e-01,0.14975
1.4024e-01,0.136703
1.4027e-01,0.127219
1.4030e-01,0.116969
1.4034e-01,0.107406
1.4037e-01,0.0986563
1.4040e-01,0.0927188
1.4043e-01,0.0857188
1.4046e-01,0.0827656
1.4050e-01,0.0766875
1.4053e-01,0.0726094
1.4056e-01,0.0685781
1.4059e-01,0.0661719
1.4062e-01,0.0649688
1.4066e-01,0.0662344
1.4069e-01,0.0628438
1.4072e-01,0.0619844
1.4075e-01,0.0620156
1.4078e-01,0.0619531
1.4082e-01,0.0609063
1.4085e-01,0.0596094
1.4088e-01,0.062125
1.4091e-01,0.0634219
1.4094e-01,0.0647656
1.4098e-01,0.0659844
1.4101e-01,0.0692031
1.4104e-01,0.07075
1.4107e-01,0.0760625
1.4110e-01,0.0814688
1.4114e-01,0.0865625
1.4117e-01,0.0928281
1.4120e-01,0.0991875
1.4123e-01,0.103578
1.4126e-01,0.112844
1.4130e-01,0.119859
1.4133e-01,0.126875
1.4136e-01,0.136906
1.4139e-01,0.147406
1.4142e-01,0.156563
1.4146e-01,0.165125
1.4149e-01,0.173094
1.4152e-01,0.179891
1.4155e-01,0.186859
1.4158e-01,0.194594
1.4162e-01,0.200813
1.4165e-01,0.206969
1.4168e-01,0.207719
1.4171e-01,0.210422
1.4174e-01,0.2075
1.4178e-01,0.207063
1.4181e-01,0.205375
1.4184e-01,0.201969
1.4187e-01,0.197734
1.4190e-01,0.193672
1.4194e-01,0.185203
1.4197e-01,0.175406
1.4200e-01,0.167109
1.4203e-01,0.159969
1.4206e-01,0.150891
1.4210e-01,0.140031
1.4213e-01,0.130891
1.4216e-01,0.122984
1.4219e-01,0.116813
1.4222e-01,0.114109
1.4226e-01,0.109391
1.4229e-01,0.106438
1.4232e-01,0.106641
1.4235e-01,0.101938
1.4238e-01,0.101141
1.4242e-01,0.100891
1.4245e-01,0.0997656
1.4248e-01,0.0986875
1.4251e-01,0.0989688
1.4254e-01,0.0996406
1.4258e-01,0.101188
1.4261e-01,0.103203
1.4264e-01,0.104703
1.4267e-01,0.108125
1.4270e-01,0.109406
1.4274e-01,0.112875
1.4277e-01,0.115875
1.4280e-01,0.117672
1.4283e-01,0.121281
1.4286e-01,0.124281
1.4290e-01,0.126719
1.4293e-01,0.130922
1.4296e-01,0.133547
1.4299e-01,0.136281
1.4302e-01,0.139328
1.4306e-01,0.141078
1.4309e-01,0.144516
1.4312e-01,0.150063
1.4315e-01,0.155547
1.4318e-01,0.162203
1.4322e-01,0.1725
1.4325e-01,0.183922
1.4328e-01,0.191203
1.4331e-01,0.201953
1.4334e-01,0.214594
1.4338e-01,0.224641
1.4341e-01,0.241391
1.4344e-01,0.251406
1.4347e-01,0.267594
1.4350e-01,0.276063
1.4354e-01,0.285
1.4357e-01,0.296469
1.4360e-01,0.301203
1.4363e-01,0.307906
1.4366e-01,0.309703
1.4370e-01,0.310484
1.4373e-01,0.309984
1.4376e-01,0.308344
1.4379e-01,0.301813
1.4382e-01,0.2885
1.4386e-01,0.275953
1.4389e-01,0.262781
1.4392e-01,0.245984
1.4395e-01,0.229891
1.4398e-01,0.211922
1.4402e-01,0.196172
1.4405e-01,0.180906
1.4408e-01,0.168297
1.4411e-01,0.154156
1.4414e-01,0.140672
1.4418e-01,0.1285
1.4421e-01,0.116031
1.4424e-01,0.107609
1.4427e-01,0.101172
1.4430e-01,0.096125
1.4434e-01,0.090875
1.4437e-01,0.0882344
1.4440e-01,0.0857969
1.4443e-01,0.0835781
1.4446e-01,0.0816406
1.4450e-01,0.0811094
1.4453e-01,0.0808906
1.4456e-01,0.0802813
1.4459e-01,0.079125
1.4462e-01,0.0785313
1.4466e-01,0.0772344
1.4469e-01,0.0760469
1.4472e-01,0.0741563
1.4475e-01,0.0750938
1.4478e-01,0.0750469
1.4482e-01,0.0757031
1.4485e-01,0.0767813
1.4488e-01,0.0770938
1.4491e-01,0.079
1.4494e-01,0.0803438
1.4498e-01,0.0821406
1.4501e-01,0.0867031
1.4504e-01,0.0896719
1.4507e-01,0.0939531
1.4510e-01,0.0985625
1.4514e-01,0.104891
1.4517e-01,0.112922
1.4520e-01,0.121875
1.4523e-01,0.130797
1.4526e-01,0.138781
1.4530e-01,0.147203
1.4533e-01,0.156547
1.4536e-01,0.165891
1.4539e-01,0.177203
1.4542e-01,0.184375
1.4546e-01,0.192031
1.4549e-01,0.199297
1.4552e-01,0.206781
1.4555e-01,0.208797
1.4558e-01,0.215516
1.4562e-01,0.212859
1.4565e-01,0.212797
1.4568e-01,0.210953
1.4571e-01,0.207578
1.4574e-01,0.201703
1.4578e-01,0.194969
1.4581e-01,0.183891
1.4584e-01,0.176969
1.4587e-01,0.166828
1.4590e-01,0.157625
1.4594e-01,0.145719
1.4597e-01,0.135266
1.4600e-01,0.123844
1.4603e-01,0.115891
1.4606e-01,0.108734
1.4610e-01,0.102313
1.4613e-01,0.099
1.4616e-01,0.0964219
1.4619e-01,0.0931406
1.4622e-01,0.09325
1.4626e-01,0.0914531
1.4629e-01,0.0895781
1.4632e-01,0.0872969
1.4635e-01,0.0862031
1.4638e-01,0.0850469
1.4642e-01,0.0840313
1.4645e-01,0.0816719
1.4648e-01,0.0819688
1.4651e-01,0.0816563
1.4654e-01,0.0815781
1.4658e-01,0.0813438
1.4661e-01,0.0817969
1.4664e-01,0.0812344
1.4667e-01,0.0817031
1.4670e-01,0.0825313
1.4674e-01,0.0848125
1.4677e-01,0.0875313
1.4680e-01,0.0910469
1.4683e-01,0.0975625
1.4686e-01,0.103672
1.4690e-01,0.10925
1.4693e-01,0.115344
1.4696e-01,0.12475
1.4699e-01,0.133328
1.4702e-01,0.143078
1.4706e-01,0.15375
1.4709e-01,0.164313
1.4712e-01,0.175375
1.4715e-01,0.184969
1.4718e-01,0.196219
1.4722e-01,0.20525
1.4725e-01,0.213891
1.4728e-01,0.222125
1.4731e-01,0.228469
1.4734e-01,0.236688
1.4738e-01,0.245141
1.4741e-01,0.249984
1.4744e-01,0.253219
1.4747e-01,0.255906
1.4750e-01,0.258781
1.4754e-01,0.259109
1.4757e-01,0.254953
1.4760e-01,0.248672
1.4763e-01,0.240516
1.4766e-01,0.233656
1.4770e-01,0.225344
1.4773e-01,0.210734
1.4776e-01,0.197578
1.4779e-01,0.184969
1.4782e-01,0.170094
1.4786e-01,0.155563
1.4789e-01,0.141359
1.4792e-01,0.127
1.4795e-01,0.115125
1.4798e-01,0.103109
1.4802e-01,0.0920625
1.4805e-01,0.0829531
1.4808e-01,0.0747969
1.4811e-01,0.06775
1.4814e-01,0.0613125
1.4818e-01,0.0550313
1.4821e-01,0.0514688
1.4824e-01,0.049125
1.4827e-01,0.0467656
1.4830e-01,0.0461563
1.4834e-01,0.0455469
1.4837e-01,0.0444688
1.4840e-01,0.0460156
1.4843e-01,0.045625
1.4846e-01,0.0450938
1.4850e-01,0.046625
1.4853e-01,0.0490469
1.4856e-01,0.0497031
1.4859e-01,0.0505469
1.4862e-01,0.0525469
1.4866e-01,0.0539375
1.4869e-01,0.055
1.4872e-01,0.0578125
1.4875e-01,0.0586406
1.4878e-01,0.0606563
1.4882e-01,0.0654219
1.4885e-01,0.069125
1.4888e-01,0.0704844
1.4891e-01,0.0738281
1.4894e-01,0.0770625
1.4898e-01,0.08075
1.4901e-01,0.0836875
1.4904e-01,0.0887188
1.4907e-01,0.0938594
1.4910e-01,0.09975
1.4914e-01,0.106344
1.4917e-01,0.109938
1.4920e-01,0.116703
1.4923e-01,0.120109
1.4926e-01,0.122078
1.4930e-01,0.124125
1.4933e-01,0.126922
1.4936e-01,0.127453
1.4939e-01,0.125797
1.4942e-01,0.125766
1.4946e-01,0.121656
1.4949e-01,0.118156
1.4952e-01,0.113922
1.4955e-01,0.108922
1.4958e-01,0.104391
1.4962e-01,0.098125
1.4965e-01,0.0909844
1.4968e-01,0.0845625
1.4971e-01,0.0781719
1.4974e-01,0.0705
1.4978e-01,0.0650156
1.4981e-01,0.0592656
1.4984e-01,0.05275
1.4987e-01,0.0473438
1.4990e-01,0.0435938
1.4994e-01,0.0392031
1.4997e-01,0.037375
1.5000e-01,0.0348125
1.5003e-01,0.034125
1.5006e-01,0.0317969
1.5010e-01,0.0301406
1.5013e-01,0.028125
1.5016e-01,0.0270469
1.5019e-01,0.0261406
1.5022e-01,0.0247031
1.5026e-01,0.0245313
1.5029e-01,0.0245
1.5032e-01,0.0249844
1.5035e-01,0.0254531
1.5038e-01,0.0241094
1.5042e-01,0.0233438
1.5045e-01,0.0223281
1.5048e-01,0.0237188
1.5051e-01,0.0255156
1.5054e-01,0.0260313
1.5058e-01,0.0265313
1.5061e-01,0.0279688
1.5064e-01,0.0285469
1.5067e-01,0.027875
1.5070e-01,0.0293594
1.5074e-01,0.0315781
1.5077e-01,0.0321563
1.5080e-01,0.0330625
1.5083e-01,0.0338906
1.5086e-01,0.0343281
1.5090e-01,0.0357969
1.5093e-01,0.0376719
1.5096e-01,0.0395781
1.5099e-01,0.0405156
1.5102e-01,0.040625
1.5106e-01,0.0414063
1.5109e-01,0.0422344
1.5112e-01,0.0442188
1.5115e-01,0.0441875
1.5118e-01,0.0449844
1.5122e-01,0.0457656
1.5125e-01,0.0459375
1.5128e-01,0.0455938
1.5131e-01,0.0445469
1.5134e-01,0.0424531
1.5138e-01,0.0419688
1.5141e-01,0.0403594
1.5144e-01,0.0380469
1.5147e-01,0.0371406
1.5150e-01,0.0347813
1.5154e-01,0.0316563
1.5157e-01,0.0307188
1.5160e-01,0.0296094
1.5163e-01,0.0270938
1.5166e-01,0.0262969
1.5170e-01,0.0235469
1.5173e-01,0.0220625
1.5176e-01,0.0214219
1.5179e-01,0.0202188
1.5182e-01,0.01875
1.5186e-01,0.0179375
1.5189e-01,0.0179219
1.5192e-01,0.0179063
1.5195e-01,0.0172813
1.5198e-01,0.0171875
1.5202e-01,0.0173125
1.5205e-01,0.0168906
1.5208e-01,0.017125
1.5211e-01,0.0172344
1.5214e-01,0.0163906
1.5218e-01,0.0166406
1.5221e-01,0.0165
1.5224e-01,0.0165938
1.5227e-01,0.0172813
1.5230e-01,0.0175
1.5234e-01,0.0175469
1.5237e-01,0.0171719
1.5240e-01,0.0172656
1.5243e-01,0.0169844
1.5246e-01,0.0167188
1.5250e-01,0.0155
1.5253e-01,0.0153125
1.5256e-01,0.0155625
1.5259e-01,0.0156406
1.5262e-01,0.0144844
1.5266e-01,0.0145469
1.5269e-01,0.014
1.5272e-01,0.013125
1.5275e-01,0.0127031
1.5278e-01,0.0127344
1.5282e-01,0.012
1.5285e-01,0.012375
1.5288e-01,0.0115938
1.5291e-01,0.0116094
1.5294e-01,0.0121719
1.5298e-01,0.01225
1.5301e-01,0.0119063
1.5304e-01,0.0117656
1.5307e-01,0.0121094
1.5310e-01,0.0121094
1.5314e-01,0.012625
1.5317e-01,0.01225
1.5320e-01,0.0122969
1.5323e-01,0.0133594
1.5326e-01,0.014
1.5330e-01,0.0145
1.5333e-01,0.0149844
1.5336e-01,0.0146563
1.5339e-01,0.014625
1.5342e-01,0.0151406
1.5346e-01,0.0151406
1.5349e-01,0.015625
1.5352e-01,0.0149844
1.5355e-01,0.0152813
1.5358e-01,0.0150938
1.5362e-01,0.0148594
1.5365e-01,0.0158125
1.5368e-01,0.0157813
1.5371e-01,0.0155313
1.5374e-01,0.016
1.5378e-01,0.0164688
1.5381e-01,0.0169844
1.5384e-01,0.0176875
1.5387e-01,0.0179531
1.5390e-01,0.01875
1.5394e-01,0.0185313
1.5397e-01,0.0194219
1.5400e-01,0.0198438
1.5403e-01,0.0211406
1.5406e-01,0.0216563
1.5410e-01,0.021375
1.5413e-01,0.023875
1.5416e-01,0.0228281
1.5419e-01,0.0240938
1.5422e-01,0.0251094
1.5426e-01,0.0268906
1.5429e-01,0.0284219
1.5432e-01,0.0295156
1.5435e-01,0.030125
1.5438e-01,0.0313906
1.5442e-01,0.0332969
1.5445e-01,0.0351719
1.5448e-01,0.0371406
1.5451e-01,0.0391875
1.5454e-01,0.0420938
1.5458e-01,0.0449531
1.5461e-01,0.0451875
1.5464e-01,0.047875
1.5467e-01,0.0508281
1.5470e-01,0.0534531
1.5474e-01,0.0546875
1.5477e-01,0.0564375
1.5480e-01,0.0579531
1.5483e-01,0.0574844
1.5486e-01,0.0595156
1.5490e-01,0.0590625
1.5493e-01,0.0600781
1.5496e-01,0.0586563
1.5499e-01,0.0560156
1.5502e-01,0.054625
1.5506e-01,0.0520156
1.5509e-01,0.0494688
1.5512e-01,0.0466094
1.5515e-01,0.04475
1.5518e-01,0.0426563
1.5522e-01,0.0397344
1.5525e-01,0.0375625
1.5528e-01,0.0354219
1.5531e-01,0.0338594
1.5534e-01,0.0305313
1.5538e-01,0.0304063
1.5541e-01,0.029375
1.5544e-01,0.0286563
1.5547e-01,0.0283594
1.5550e-01,0.0278594
1.5554e-01,0.0273281
1.5557e-01,0.0283906
1.5560e-01,0.0290625
1.5563e-01,0.0299688
1.5566e-01,0.0315625
1.5570e-01,0.0318906
1.5573e-01,0.0338594
1.5576e-01,0.0350938
1.5579e-01,0.0350938
1.5582e-01,0.036
1.5586e-01,0.0372969
1.5589e-01,0.0390469
1.5592e-01,0.0415938
1.5595e-01,0.0422344
1.5598e-01,0.0440469
1.5602e-01,0.0456875
1.5605e-01,0.0494375
1.5608e-01,0.0530469
1.5611e-01,0.0568125
1.5614e-01,0.0598906
1.5618e-01,0.064625
1.5621e-01,0.0688125
1.5624e-01,0.074375
1.5627e-01,0.07875
1.5630e-01,0.0842031
1.5634e-01,0.0898906
1.5637e-01,0.0928438
1.5640e-01,0.0966875
1.5643e-01,0.101063
1.5646e-01,0.105766
1.5650e-01,0.108531
1.5653e-01,0.112172
1.5656e-01,0.115609
1.5659e-01,0.120891
1.5662e-01,0.120953
1.5666e-01,0.120813
1.5669e-01,0.121516
1.5672e-01,0.122703
1.5675e-01,0.118984
1.5678e-01,0.115844
1.5682e-01,0.113453
1.5685e-01,0.109359
1.5688e-01,0.104672
1.5691e-01,0.0991406
1.5694e-01,0.0948125
1.5698e-01,0.0899063
1.5701e-01,0.0843281
1.5704e-01,0.07975
1.5707e-01,0.076
1.5710e-01,0.0724688
1.5714e-01,0.0705156
1.5717e-01,0.0698281
1.5720e-01,0.0664531
1.5723e-01,0.0661406
1.5726e-01,0.0648125
1.5730e-01,0.063
1.5733e-01,0.06325
1.5736e-01,0.0621719
1.5739e-01,0.0614219
1.5742e-01,0.0601719
1.5746e-01,0.0595313
1.5749e-01,0.0609063
1.5752e-01,0.0619531
1.5755e-01,0.0628438
1.5758e-01,0.0636719
1.5762e-01,0.0650469
1.5765e-01,0.0682031
1.5768e-01,0.0705313
1.5771e-01,0.0745469
1.5774e-01,0.0784844
1.5778e-01,0.0833125
1.5781e-01,0.08925
1.5784e-01,0.0949219
1.5787e-01,0.103016
1.5790e-01,0.110422
1.5794e-01,0.117406
1.5797e-01,0.127234
1.5800e-01,0.137922
1.5803e-01,0.148313
1.5806e-01,0.158859
1.5810e-01,0.169156
1.5813e-01,0.181453
1.5816e-01,0.199328
1.5819e-01,0.210859
1.5822e-01,0.222641
1.5826e-01,0.235016
1.5829e-01,0.246266
1.5832e-01,0.256078
1.5835e-01,0.266766
1.5838e-01,0.273922
1.5842e-01,0.280203
1.5845e-01,0.284094
1.5848e-01,0.284672
1.5851e-01,0.281219
1.5854e-01,0.277688
1.5858e-01,0.271844
1.5861e-01,0.260297
1.5864e-01,0.246625
1.5867e-01,0.229531
1.5870e-01,0.215656
1.5874e-01,0.199328
1.5877e-01,0.184547
1.5880e-01,0.169188
1.5883e-01,0.153953
1.5886e-01,0.139078
1.5890e-01,0.129031
1.5893e-01,0.116563
1.5896e-01,0.106922
1.5899e-01,0.0967969
1.5902e-01,0.0901563
1.5906e-01,0.0833125
1.5909e-01,0.078375
1.5912e-01,0.0756563
1.5915e-01,0.070375
1.5918e-01,0.0663438
1.5922e-01,0.0652656
1.5925e-01,0.0635313
1.5928e-01,0.0619375
1.5931e-01,0.0605625
1.5934e-01,0.0610938
1.5938e-01,0.0608281
1.5941e-01,0.0624688
1.5944e-01,0.0640781
1.5947e-01,0.0633125
1.5950e-01,0.065125
1.5954e-01,0.0691406
1.5957e-01,0.0724688
1.5960e-01,0.0765625
1.5963e-01,0.0811406
1.5966e-01,0.0875313
1.5970e-01,0.0934063
1.5973e-01,0.100359
1.5976e-01,0.107859
1.5979e-01,0.117281
1.5982e-01,0.126844
1.5986e-01,0.138375
1.5989e-01,0.147422
1.5992e-01,0.155063
1.5995e-01,0.163766
1.5998e-01,0.172594
1.6002e-01,0.182781
1.6005e-01,0.193016
1.6008e-01,0.198188
1.6011e-01,0.205922
1.6014e-01,0.209563
1.6018e-01,0.206672
1.6021e-01,0.207016
1.6024e-01,0.205172
1.6027e-01,0.200453
1.6030e-01,0.195297
1.6034e-01,0.188094
1.6037e-01,0.183641
1.6040e-01,0.176766
1.6043e-01,0.165938
1.6046e-01,0.155953
1.6050e-01,0.144156
1.6053e-01,0.134406
1.6056e-01,0.125
1.6059e-01,0.119609
1.6062e-01,0.113766
1.6066e-01,0.109
1.6069e-01,0.104891
1.6072e-01,0.102531
1.6075e-01,0.09975
1.6078e-01,0.0976094
1.6082e-01,0.0958125
1.6085e-01,0.0962344
1.6088e-01,0.0961094
1.6091e-01,0.0976875
1.6094e-01,0.0977188
1.6098e-01,0.100203
1.6101e-01,0.1015
1.6104e-01,0.102578
1.6107e-01,0.105078
1.6110e-01,0.109859
1.6114e-01,0.115313
1.6117e-01,0.116422
1.6120e-01,0.121422
1.6123e-01,0.124969
1.6126e-01,0.128078
1.6130e-01,0.132469
1.6133e-01,0.134328
1.6136e-01,0.137078
1.6139e-01,0.139719
1.6142e-01,0.145469
1.6146e-01,0.151625
1.6149e-01,0.158281
1.6152e-01,0.16725
1.6155e-01,0.178781
1.6158e-01,0.188922
1.6162e-01,0.202781
1.6165e-01,0.216938
1.6168e-01,0.230594
1.6171e-01,0.244828
1.6174e-01,0.261188
1.6178e-01,0.276781
1.6181e-01,0.287406
1.6184e-01,0.297578
1.6187e-01,0.306156
1.6190e-01,0.311703
1.6194e-01,0.317828
1.6197e-01,0.316859
1.6200e-01,0.313391
1.6203e-01,0.309906
1.6206e-01,0.298719
1.6210e-01,0.282922
1.6213e-01,0.270141
1.6216e-01,0.252563
1.6219e-01,0.237313
1.6222e-01,0.217609
1.6226e-01,0.202172
1.6229e-01,0.183469
1.6232e-01,0.166469
1.6235e-01,0.14975
1.6238e-01,0.136047
1.6242e-01,0.124078
1.6245e-01,0.112953
1.6248e-01,0.104547
1.6251e-01,0.098125
1.6254e-01,0.0941875
1.6258e-01,0.0898594
1.6261e-01,0.0854375
1.6264e-01,0.0823594
1.6267e-01,0.0812031
1.6270e-01,0.0795313
1.6274e-01,0.0781094
1.6277e-01,0.0771719
1.6280e-01,0.0771406
1.6283e-01,0.0756406
1.6286e-01,0.0748125
1.6290e-01,0.0754688
1.6293e-01,0.0739531
1.6296e-01,0.073
1.6299e-01,0.0745781
1.6302e-01,0.0737344
1.6306e-01,0.0757188
1.6309e-01,0.0776406
1.6312e-01,0.0799219
1.6315e-01,0.0830781
1.6318e-01,0.0874844
1.6322e-01,0.0937031
1.6325e-01,0.101578
1.6328e-01,0.109719
1.6331e-01,0.117547
1.6334e-01,0.128922
1.6338e-01,0.137031
1.6341e-01,0.148672
1.6344e-01,0.157063
1.6347e-01,0.167078
1.6350e-01,0.179453
1.6354e-01,0.187203
1.6357e-01,0.195609
1.6360e-01,0.200344
1.6363e-01,0.203328
1.6366e-01,0.206938
1.6370e-01,0.210469
1.6373e-01,0.210063
1.6376e-01,0.20675
1.6379e-01,0.202906
1.6382e-01,0.198969
1.6386e-01,0.18975
1.6389e-01,0.180563
1.6392e-01,0.170609
1.6395e-01,0.160266
1.6398e-01,0.149109
1.6402e-01,0.139672
1.6405e-01,0.130422
1.6408e-01,0.121188
1.6411e-01,0.114297
1.6414e-01,0.106844
1.6418e-01,0.100906
1.6421e-01,0.0970938
1.6424e-01,0.0943281
1.6427e-01,0.0910781
1.6430e-01,0.0887031
1.6434e-01,0.0898438
1.6437e-01,0.0883906
1.6440e-01,0.0879063
1.6443e-01,0.0873438
1.6446e-01,0.0856875
1.6450e-01,0.085375
1.6453e-01,0.0841094
1.6456e-01,0.0824844
1.6459e-01,0.0818125
1.6462e-01,0.0818906
1.6466e-01,0.0854219
1.6469e-01,0.0879531
1.6472e-01,0.0907031
1.6475e-01,0.0947656
1.6478e-01,0.0989375
1.6482e-01,0.105375
1.6485e-01,0.111156
1.6488e-01,0.121
1.6491e-01,0.129484
1.6494e-01,0.138609
1.6498e-01,0.148484
1.6501e-01,0.156375
1.6504e-01,0.169031
1.6507e-01,0.179797
1.6510e-01,0.189078
1.6514e-01,0.200203
1.6517e-01,0.210688
1.6520e-01,0.220109
1.6523e-01,0.230344
1.6526e-01,0.236734
1.6530e-01,0.243688
1.6533e-01,0.250328
1.6536e-01,0.253938
1.6539e-01,0.257656
1.6542e-01,0.256875
1.6546e-01,0.256281
1.6549e-01,0.251547
1.6552e-01,0.240797
1.6555e-01,0.227703
1.6558e-01,0.217469
1.6562e-01,0.205016
1.6565e-01,0.193859
1.6568e-01,0.177063
1.6571e-01,0.161906
1.6574e-01,0.146609
1.6578e-01,0.131969
1.6581e-01,0.117922
1.6584e-01,0.105578
1.6587e-01,0.0941563
1.6590e-01,0.0819688
1.6594e-01,0.0733906
1.6597e-01,0.0670625
1.6600e-01,0.0614844
1.6603e-01,0.0573125
1.6606e-01,0.0525938
1.6610e-01,0.0501406
1.6613e-01,0.0493438
1.6616e-01,0.0482031
1.6619e-01,0.0459844
1.6622e-01,0.0458125
1.6626e-01,0.044875
1.6629e-01,0.0451875
1.6632e-01,0.0459219
1.6635e-01,0.0487188
1.6638e-01,0.0509219
1.6642e-01,0.0517188
1.6645e-01,0.053375
1.6648e-01,0.0565781
1.6651e-01,0.0608125
1.6654e-01,0.0617656
1.6658e-01,0.0646406
1.6661e-01,0.0679375
1.6664e-01,0.0705313
1.6667e-01,0.0731094
1.6670e-01,0.0751406
1.6674e-01,0.0782969
1.6677e-01,0.0837344
1.6680e-01,0.0902813
1.6683e-01,0.0946094
1.6686e-01,0.0983281
1.6690e-01,0.105063
1.6693e-01,0.111234
1.6696e-01,0.116516
1.6699e-01,0.120016
1.6702e-01,0.124484
1.6706e-01,0.125516
1.6709e-01,0.129547
1.6712e-01,0.128188
1.6715e-01,0.129813
1.6718e-01,0.125234
1.6722e-01,0.123188
1.6725e-01,0.117125
1.6728e-01,0.110422
1.6731e-01,0.106156
1.6734e-01,0.0984688
1.6738e-01,0.0896563
1.6741e-01,0.0808594
1.6744e-01,0.0735313
1.6747e-01,0.0660469
1.6750e-01,0.0596094
1.6754e-01,0.0527188
1.6757e-01,0.0477188
1.6760e-01,0.0431406
1.6763e-01,0.0400781
1.6766e-01,0.0368906
1.6770e-01,0.0342969
1.6773e-01,0.032
1.6776e-01,0.0299063
1.6779e-01,0.0280313
1.6782e-01,0.0267344
1.6786e-01,0.0262969
1.6789e-01,0.0260781
1.6792e-01,0.0251719
1.6795e-01,0.0245313
1.6798e-01,0.0238906
1.6802e-01,0.024375
1.6805e-01,0.02425
1.6808e-01,0.0254063
1.6811e-01,0.0240781
1.6814e-01,0.0254375
1.6818e-01,0.0255
1.6821e-01,0.0262031
1.6824e-01,0.0277969
1.6827e-01,0.0287031
1.6830e-01,0.0294375
1.6834e-01,0.0302188
1.6837e-01,0.0307188
1.6840e-01,0.0319688
1.6843e-01,0.0322188
1.6846e-01,0.0347031
1.6850e-01,0.0362969
1.6853e-01,0.0367031
1.6856e-01,0.0379844
1.6859e-01,0.0392188
1.6862e-01,0.0408281
1.6866e-01,0.0422656
1.6869e-01,0.0440625
1.6872e-01,0.0446875
1.6875e-01,0.0444844
1.6878e-01,0.0445
1.6882e-01,0.0429844
1.6885e-01,0.0426406
1.6888e-01,0.0425469
1.6891e-01,0.0414531
1.6894e-01,0.0410625
1.6898e-01,0.0395313
1.6901e-01,0.0385156
1.6904e-01,0.0361563
1.6907e-01,0.0337656
1.6910e-01,0.0304375
1.6914e-01,0.0282813
1.6917e-01,0.0261094
1.6920e-01,0.0239375
1.6923e-01,0.022375
1.6926e-01,0.0211719
1.6930e-01,0.0199219
1.6933e-01,0.0188125
1.6936e-01,0.0182813
1.6939e-01,0.018
1.6942e-01,0.0174219
1.6946e-01,0.0174531
1.6949e-01,0.0176719
1.6952e-01,0.016875
1.6955e-01,0.0166406
1.6958e-01,0.0165469
1.6962e-01,0.0166563
1.6965e-01,0.0166094
1.6968e-01,0.017125
1.6971e-01,0.0171094
1.6974e-01,0.0173438
1.6978e-01,0.0177813
1.6981e-01,0.017625
1.6984e-01,0.0176563
1.6987e-01,0.0177344
1.6990e-01,0.0170781
1.6994e-01,0.0162031
1.6997e-01,0.0161406
1.7000e-01,0.0159844
1.7003e-01,0.0154844
1.7006e-01,0.0148438
1.7010e-01,0.0142813
1.7013e-01,0.0141406
1.7016e-01,0.0133281
1.7019e-01,0.0125
1.7022e-01,0.0126406
1.7026e-01,0.0126563
1.7029e-01,0.0131094
1.7032e-01,0.0124219
1.7035e-01,0.0116406
1.7038e-01,0.011875
1.7042e-01,0.0130781
1.7045e-01,0.0130156
1.7048e-01,0.0133438
1.7051e-01,0.0126875
1.7054e-01,0.0125469
1.7058e-01,0.0127344
1.7061e-01,0.0128281
1.7064e-01,0.0132188
1.7067e-01,0.0134375
1.7070e-01,0.01325
1.7074e-01,0.0139844
1.7077e-01,0.0139688
1.7080e-01,0.0139844
1.7083e-01,0.014
1.7086e-01,0.0149531
1.7090e-01,0.0152656
1.7093e-01,0.0142969
1.7096e-01,0.0150938
1.7099e-01,0.0158594
1.7102e-01,0.016125
1.7106e-01,0.0161719
1.7109e-01,0.01625
1.7112e-01,0.0178281
1.7115e-01,0.0172031
1.7118e-01,0.0172969
1.7122e-01,0.0177188
1.7125e-01,0.0180469
1.7128e-01,0.0188594
1.7131e-01,0.0202969
1.7134e-01,0.0201563
1.7138e-01,0.0207969
1.7141e-01,0.0214844
1.7144e-01,0.0221406
1.7147e-01,0.0224063
1.7150e-01,0.0249688
1.7154e-01,0.0251719
1.7157e-01,0.0261406
1.7160e-01,0.02675
1.7163e-01,0.0285625
1.7166e-01,0.0304063
1.7170e-01,0.0329531
1.7173e-01,0.0345
1.7176e-01,0.0370156
1.7179e-01,0.03975
1.7182e-01,0.0414531
1.7186e-01,0.04225
1.7189e-01,0.045375
1.7192e-01,0.0479531
1.7195e-01,0.0503594
1.7198e-01,0.053375
1.7202e-01,0.0539844
1.7205e-01,0.0577969
1.7208e-01,0.0610156
1.7211e-01,0.0607656
1.7214e-01,0.060375
1.7218e-01,0.0602188
1.7221e-01,0.0582656
1.7224e-01,0.0573125
1.7227e-01,0.0539219
1.7230e-01,0.0522813
1.7234e-01,0.0498125
1.7237e-01,0.0476406
1.7240e-01,0.0448438
1.7243e-01,0.0416406
1.7246e-01,0.0392344
1.7250e-01,0.0359063
1.7253e-01,0.0344844
1.7256e-01,0.0322188
1.7259e-01,0.0305781
1.7262e-01,0.0296094
1.7266e-01,0.0296094
1.7269e-01,0.0285938
1.7272e-01,0.029125
1.7275e-01,0.0289375
1.7278e-01,0.0290469
1.7282e-01,0.0299375
1.7285e-01,0.0303594
1.7288e-01,0.0316406
1.7291e-01,0.033625
1.7294e-01,0.0347188
1.7298e-01,0.036125
1.7301e-01,0.0376719
1.7304e-01,0.0389531
1.7307e-01,0.0411406
1.7310e-01,0.0416875
1.7314e-01,0.0439219
1.7317e-01,0.0464688
1.7320e-01,0.047875
1.7323e-01,0.0518125
1.7326e-01,0.0563281
1.7330e-01,0.0618281
1.7333e-01,0.0650781
1.7336e-01,0.0698281
1.7339e-01,0.0735156
1.7342e-01,0.0797031
1.7346e-01,0.08475
1.7349e-01,0.0895313
1.7352e-01,0.0949531
1.7355e-01,0.0982188
1.7358e-01,0.103594
1.7362e-01,0.107922
1.7365e-01,0.111156
1.7368e-01,0.113906
1.7371e-01,0.118703
1.7374e-01,0.119281
1.7378e-01,0.120953
1.7381e-01,0.119953
1.7384e-01,0.117141
1.7387e-01,0.113859
1.7390e-01,0.111438
1.7394e-01,0.106438
1.7397e-01,0.103344
1.7400e-01,0.0988438
1.7403e-01,0.0942188
1.7406e-01,0.0891875
1.7410e-01,0.0840938
1.7413e-01,0.0807188
1.7416e-01,0.07525
1.7419e-01,0.0728281
1.7422e-01,0.0714375
1.7426e-01,0.0689531
1.7429e-01,0.0649375
1.7432e-01,0.0650938
1.7435e-01,0.065
1.7438e-01,0.0625781
1.7442e-01,0.0622344
1.7445e-01,0.0597031
1.7448e-01,0.05925
1.7451e-01,0.0590469
1.7454e-01,0.0598906
1.7458e-01,0.0614844
1.7461e-01,0.0650469
1.7464e-01,0.0675
1.7467e-01,0.0685625
1.7470e-01,0.0702969
1.7474e-01,0.0734063
1.7477e-01,0.0783438
1.7480e-01,0.0820781
1.7483e-01,0.0877656
1.7486e-01,0.0966563
1.7490e-01,0.1065
1.7493e-01,0.115828
1.7496e-01,0.124141
1.7499e-01,0.134547
1.7502e-01,0.147484
1.7506e-01,0.159406
1.7509e-01,0.169688
1.7512e-01,0.181938
1.7515e-01,0.200531
1.7518e-01,0.213266
1.7522e-01,0.231125
1.7525e-01,0.243734
1.7528e-01,0.253125
1.7531e-01,0.260063
1.7534e-01,0.269047
1.7538e-01,0.276391
1.7541e-01,0.280359
1.7544e-01,0.279203
1.7547e-01,0.279266
1.7550e-01,0.272859
1.7554e-01,0.267672
1.7557e-01,0.254938
1.7560e-01,0.242203
1.7563e-01,0.226688
1.7566e-01,0.21225
1.7570e-01,0.196688
1.7573e-01,0.179906
1.7576e-01,0.161969
1.7579e-01,0.146219
1.7582e-01,0.132547
1.7586e-01,0.121516
1.7589e-01,0.111078
1.7592e-01,0.0997344
1.7595e-01,0.0912344
1.7598e-01,0.0817813
1.7602e-01,0.077125
1.7605e-01,0.0716719
1.7608e-01,0.0702969
1.7611e-01,0.0665156
1.7614e-01,0.0645781
1.7618e-01,0.063125
1.7621e-01,0.0619375
1.7624e-01,0.0601094
1.7627e-01,0.0603281
1.7630e-01,0.060875
1.7634e-01,0.063
1.7637e-01,0.0656719
1.7640e-01,0.0682656
1.7643e-01,0.0725469
1.7646e-01,0.0750781
1.7650e-01,0.0794219
1.7653e-01,0.0855625
1.7656e-01,0.091875
1.7659e-01,0.0997344
1.7662e-01,0.107141
1.7666e-01,0.117375
1.7669e-01,0.126219
1.7672e-01,0.135797
1.7675e-01,0.146125
1.7678e-01,0.155313
1.7682e-01,0.165109
1.7685e-01,0.176516
1.7688e-01,0.183188
1.7691e-01,0.189953
1.7694e-01,0.196203
1.7698e-01,0.199781
1.7701e-01,0.201531
1.7704e-01,0.20025
1.7707e-01,0.198188
1.7710e-01,0.196141
1.7714e-01,0.192641
1.7717e-01,0.187906
1.7720e-01,0.180125
1.7723e-01,0.168688
1.7726e-01,0.159344
1.7730e-01,0.150375
1.7733e-01,0.138063
1.7736e-01,0.131953
1.7739e-01,0.124219
1.7742e-01,0.118063
1.7746e-01,0.112781
1.7749e-01,0.108563
1.7752e-01,0.105188
1.7755e-01,0.102125
1.7758e-01,0.100844
1.7762e-01,0.0995938
1.7765e-01,0.0988281
1.7768e-01,0.100188
1.7771e-01,0.100172
1.7774e-01,0.100563
1.7778e-01,0.103031
1.7781e-01,0.106516
1.7784e-01,0.10825
1.7787e-01,0.111516
1.7790e-01,0.115625
1.7794e-01,0.119688
1.7797e-01,0.12275
1.7800e-01,0.127563
1.7803e-01,0.133469
1.7806e-01,0.136172
1.7810e-01,0.140875
1.7813e-01,0.145547
1.7816e-01,0.151422
1.7819e-01,0.160453
1.7822e-01,0.166969
1.7826e-01,0.174359
1.7829e-01,0.184547
1.7832e-01,0.196672
1.7835e-01,0.209328
1.7838e-01,0.224063
1.7842e-01,0.240813
1.7845e-01,0.253391
1.7848e-01,0.268406
1.7851e-01,0.284516
1.7854e-01,0.294594
1.7858e-01,0.302125
1.7861e-01,0.3045
1.7864e-01,0.30925
1.7867e-01,0.310516
1.7870e-01,0.307547
1.7874e-01,0.299797
1.7877e-01,0.28775
1.7880e-01,0.273063
1.7883e-01,0.258859
1.7886e-01,0.238766
1.7890e-01,0.221563
1.7893e-01,0.206672
1.7896e-01,0.187328
1.7899e-01,0.169813
1.7902e-01,0.155
1.7906e-01,0.140656
1.7909e-01,0.127734
1.7912e-01,0.115813
1.7915e-01,0.106016
1.7918e-01,0.0987188
1.7922e-01,0.0927969
1.7925e-01,0.0867188
1.7928e-01,0.0838281
1.7931e-01,0.0813281
1.7934e-01,0.0804844
1.7938e-01,0.0774219
1.7941e-01,0.0763438
1.7944e-01,0.0744219
1.7947e-01,0.0764063
1.7950e-01,0.0764063
1.7954e-01,0.07375
1.7957e-01,0.0745469
1.7960e-01,0.0735156
1.7963e-01,0.0733906
1.7966e-01,0.0762188
1.7970e-01,0.0785781
1.7973e-01,0.0827344
1.7976e-01,0.08625
1.7979e-01,0.0925469
1.7982e-01,0.0980313
1.7986e-01,0.104688
1.7989e-01,0.113563
1.7992e-01,0.118906
1.7995e-01,0.131516
1.7998e-01,0.140672
1.8002e-01,0.149078
1.8005e-01,0.160781
1.8008e-01,0.169047
1.8011e-01,0.179297
1.8014e-01,0.186953
1.8018e-01,0.193563
1.8021e-01,0.198797
1.8024e-01,0.202984
1.8027e-01,0.205109
1.8030e-01,0.206891
1.8034e-01,0.204359
1.8037e-01,0.197
1.8040e-01,0.188656
1.8043e-01,0.1825
1.8046e-01,0.173766
1.8050e-01,0.164781
1.8053e-01,0.154281
1.8056e-01,0.142234
1.8059e-01,0.133594
1.8062e-01,0.121922
1.8066e-01,0.113859
1.8069e-01,0.107063
1.8072e-01,0.101594
1.8075e-01,0.0961719
1.8078e-01,0.0933125
1.8082e-01,0.0899531
1.8085e-01,0.0860156
1.8088e-01,0.0868906
1.8091e-01,0.0851875
1.8094e-01,0.0834531
1.8098e-01,0.0832969
1.8101e-01,0.08125
1.8104e-01,0.0808594
1.8107e-01,0.0812656
1.8110e-01,0.084125
1.8114e-01,0.0848281
1.8117e-01,0.0849844
1.8120e-01,0.0880313
1.8123e-01,0.0938125
1.8126e-01,0.0978125
1.8130e-01,0.1045
1.8133e-01,0.110797
1.8136e-01,0.118406
1.8139e-01,0.127656
1.8142e-01,0.138719
1.8146e-01,0.149719
1.8149e-01,0.160813
1.8152e-01,0.172609
1.8155e-01,0.183734
1.8158e-01,0.195938
1.8162e-01,0.206
1.8165e-01,0.217484
1.8168e-01,0.224563
1.8171e-01,0.233422
1.8174e-01,0.239734
1.8178e-01,0.247203
1.8181e-01,0.250406
1.8184e-01,0.251438
1.8187e-01,0.250828
1.8190e-01,0.25
1.8194e-01,0.241063
1.8197e-01,0.234922
1.8200e-01,0.227594
1.8203e-01,0.215281
1.8206e-01,0.199281
1.8210e-01,0.187297
1.8213e-01,0.172516
1.8216e-01,0.155906
1.8219e-01,0.140125
1.8222e-01,0.124438
1.8226e-01,0.109328
1.8229e-01,0.0961094
1.8232e-01,0.0845625
1.8235e-01,0.0748281
1.8238e-01,0.0668438
1.8242e-01,0.0624063
1.8245e-01,0.0558438
1.8248e-01,0.050875
1.8251e-01,0.0491875
1.8254e-01,0.0474063
1.8258e-01,0.0459063
1.8261e-01,0.0448906
1.8264e-01,0.0459063
1.8267e-01,0.0463906
1.8270e-01,0.047125
1.8274e-01,0.0467969
1.8277e-01,0.0482969
1.8280e-01,0.0513906
1.8283e-01,0.0544844
1.8286e-01,0.0569219
1.8290e-01,0.0597656
1.8293e-01,0.0626875
1.8296e-01,0.0661875
1.8299e-01,0.0704219
1.8302e-01,0.0727344
1.8306e-01,0.0774219
1.8309e-01,0.0826563
1.8312e-01,0.0866875
1.8315e-01,0.0911406
1.8318e-01,0.0970469
1.8322e-01,0.102813
1.8325e-01,0.10725
1.8328e-01,0.111719
1.8331e-01,0.115438
1.8334e-01,0.119375
1.8338e-01,0.122078
1.8341e-01,0.123531
1.8344e-01,0.123625
1.8347e-01,0.123766
1.8350e-01,0.122984
1.8354e-01,0.117766
1.8357e-01,0.113563
1.8360e-01,0.108719
1.8363e-01,0.103094
1.8366e-01,0.0955625
1.8370e-01,0.0884688
1.8373e-01,0.0812344
1.8376e-01,0.0731406
1.8379e-01,0.0649219
1.8382e-01,0.0596094
1.8386e-01,0.0534063
1.8389e-01,0.047625
1.8392e-01,0.0420313
1.8395e-01,0.037875
1.8398e-01,0.0354688
1.8402e-01,0.0328906
1.8405e-01,0.0300625
1.8408e-01,0.0298281
1.8411e-01,0.0278594
1.8414e-01,0.0260781
1.8418e-01,0.0242344
1.8421e-01,0.024375
1.8424e-01,0.0242969
1.8427e-01,0.0243594
1.8430e-01,0.0242813
1.8434e-01,0.0248906
1.8437e-01,0.0247031
1.8440e-01,0.02575
1.8443e-01,0.0259688
1.8446e-01,0.0265156
1.8450e-01,0.0271406
1.8453e-01,0.0282031
1.8456e-01,0.0296094
1.8459e-01,0.0311094
1.8462e-01,0.0319844
1.8466e-01,0.0327969
1.8469e-01,0.0333438
1.8472e-01,0.034125
1.8475e-01,0.036875
1.8478e-01,0.038
1.8482e-01,0.0382813
1.8485e-01,0.0396563
1.8488e-01,0.0407656
1.8491e-01,0.0413438
1.8494e-01,0.041875
1.8498e-01,0.0434531
1.8501e-01,0.0442813
1.8504e-01,0.0430156
1.8507e-01,0.0418594
1.8510e-01,0.0414531
1.8514e-01,0.0403125
1.8517e-01,0.0385469
1.8520e-01,0.0364219
1.8523e-01,0.0345938
1.8526e-01,0.0332031
1.8530e-01,0.0307344
1.8533e-01,0.0295938
1.8536e-01,0.0273281
1.8539e-01,0.02475
1.8542e-01,0.0230781
1.8546e-01,0.0219531
1.8549e-01,0.02025
1.8552e-01,0.0199063
1.8555e-01,0.0186094
1.8558e-01,0.0180156
1.8562e-01,0.0180156
1.8565e-01,0.0176875
1.8568e-01,0.0179688
1.8571e-01,0.0179531
1.8574e-01,0.0177188
1.8578e-01,0.0179063
1.8581e-01,0.0179531
1.8584e-01,0.0178125
1.8587e-01,0.0176094
1.8590e-01,0.0178125
1.8594e-01,0.0178438
1.8597e-01,0.0176094
1.8600e-01,0.0175469
1.8603e-01,0.0172344
1.8606e-01,0.0169063
1.8610e-01,0.0164375
1.8613e-01,0.0155938
1.8616e-01,0.0156406
1.8619e-01,0.0155938
1.8622e-01,0.0146563
1.8626e-01,0.01425
1.8629e-01,0.01425
1.8632e-01,0.0139219
1.8635e-01,0.0134844
1.8638e-01,0.0126406
1.8642e-01,0.0131563
1.8645e-01,0.012125
1.8648e-01,0.0122188
1.8651e-01,0.0122656
1.8654e-01,0.0134219
1.8658e-01,0.0137031
1.8661e-01,0.013125
1.8664e-01,0.0128438
1.8667e-01,0.0131719
1.8670e-01,0.0135156
1.8674e-01,0.0138281
1.8677e-01,0.0131719
1.8680e-01,0.01325
1.8683e-01,0.0134531
1.8686e-01,0.0136719
1.8690e-01,0.0139219
1.8693e-01,0.0140313
1.8696e-01,0.0143281
1.8699e-01,0.0147813
1.8702e-01,0.01475
1.8706e-01,0.0158906
1.8709e-01,0.016125
1.8712e-01,0.0163594
1.8715e-01,0.0170313
1.8718e-01,0.0168594
1.8722e-01,0.0178125
1.8725e-01,0.0176406
1.8728e-01,0.0178906
1.8731e-01,0.0179063
1.8734e-01,0.0184688
1.8738e-01,0.02075
1.8741e-01,0.0214375
1.8744e-01,0.0220156
1.8747e-01,0.0231719
1.8750e-01,0.0240313
1.8754e-01,0.0251406
1.8757e-01,0.0254375
1.8760e-01,0.0270938
1.8763e-01,0.0290469
1.8766e-01,0.0308281
1.8770e-01,0.0320781
1.8773e-01,0.0342344
1.8776e-01,0.036375
1.8779e-01,0.0380469
1.8782e-01,0.0405625
1.8786e-01,0.0425938
1.8789e-01,0.0442031
1.8792e-01,0.0460313
1.8795e-01,0.0483438
1.8798e-01,0.0509844
1.8802e-01,0.0534531
1.8805e-01,0.0563281
1.8808e-01,0.0567344
1.8811e-01,0.0578594
1.8814e-01,0.0571563
1.8818e-01,0.0574063
1.8821e-01,0.0554688
1.8824e-01,0.0539219
1.8827e-01,0.0519531
1.8830e-01,0.0500313
1.8834e-01,0.046875
1.8837e-01,0.0445625
1.8840e-01,0.0422344
1.8843e-01,0.0399219
1.8846e-01,0.0380781
1.8850e-01,0.0350625
1.8853e-01,0.0335156
1.8856e-01,0.0315938
1.8859e-01,0.0300469
1.8862e-01,0.0296406
1.8866e-01,0.0289531
1.8869e-01,0.0292344
1.8872e-01,0.0287344
1.8875e-01,0.03
1.8878e-01,0.0301406
1.8882e-01,0.0315
1.8885e-01,0.0325781
1.8888e-01,0.0337031
1.8891e-01,0.0353438
1.8894e-01,0.03675
1.8898e-01,0.0375313
1.8901e-01,0.0389531
1.8904e-01,0.0402969
1.8907e-01,0.0432344
1.8910e-01,0.0461094
1.8914e-01,0.0504844
1.8917e-01,0.0539531
1.8920e-01,0.0563438
1.8923e-01,0.0608594
1.8926e-01,0.065375
1.8930e-01,0.0705
1.8933e-01,0.0749844
1.8936e-01,0.081
1.8939e-01,0.0867813
1.8942e-01,0.0907344
1.8946e-01,0.0953594
1.8949e-01,0.100281
1.8952e-01,0.105688
1.8955e-01,0.112938
1.8958e-01,0.115547
1.8962e-01,0.120172
1.8965e-01,0.117828
1.8968e-01,0.118453
1.8971e-01,0.116719
1.8974e-01,0.113797
1.8978e-01,0.112359
1.8981e-01,0.108813
1.8984e-01,0.103047
1.8987e-01,0.0987031
1.8990e-01,0.0955781
1.8994e-01,0.0908281
1.8997e-01,0.085
1.9000e-01,0.0811094
1.9003e-01,0.0785625
1.9006e-01,0.0780625
1.9010e-01,0.0730469
1.9013e-01,0.0696719
1.9016e-01,0.0674688
1.9019e-01,0.0661563
1.9022e-01,0.0654375
1.9026e-01,0.0644844
1.9029e-01,0.0627969
1.9032e-01,0.0628906
1.9035e-01,0.0629219
1.9038e-01,0.0624375
1.9042e-01,0.0635938
1.9045e-01,0.0626563
1.9048e-01,0.0647031
1.9051e-01,0.0685313
1.9054e-01,0.0723125
1.9058e-01,0.0766875
1.9061e-01,0.0835469
1.9064e-01,0.0869531
1.9067e-01,0.0939688
1.9070e-01,0.103031
1.9074e-01,0.111484
1.9077e-01,0.118641
1.9080e-01,0.129609
1.9083e-01,0.142438
1.9086e-01,0.153766
1.9090e-01,0.168063
1.9093e-01,0.183063
1.9096e-01,0.195219
1.9099e-01,0.21025
1.9102e-01,0.221375
1.9106e-01,0.233172
1.9109e-01,0.247422
1.9112e-01,0.2565
1.9115e-01,0.263438
1.9118e-01,0.266141
1.9122e-01,0.268141
1.9125e-01,0.268656
1.9128e-01,0.266063
1.9131e-01,0.261734
1.9134e-01,0.256
1.9138e-01,0.245328
1.9141e-01,0.232313
1.9144e-01,0.214813
1.9147e-01,0.199094
1.9150e-01,0.18025
1.9154e-01,0.164844
1.9157e-01,0.149391
1.9160e-01,0.134906
1.9163e-01,0.121203
1.9166e-01,0.109797
1.9170e-01,0.100031
1.9173e-01,0.0909531
1.9176e-01,0.0852813
1.9179e-01,0.0796875
1.9182e-01,0.0748438
1.9186e-01,0.0707656
1.9189e-01,0.0689844
1.9192e-01,0.0656875
1.9195e-01,0.0644375
1.9198e-01,0.0623438
1.9202e-01,0.0620625
1.9205e-01,0.06225
1.9208e-01,0.0651875
1.9211e-01,0.0667656
1.9214e-01,0.0701719
1.9218e-01,0.0737969
1.9221e-01,0.0794375
1.9224e-01,0.0842344
1.9227e-01,0.0910313
1.9230e-01,0.09875
1.9234e-01,0.106188
1.9237e-01,0.115234
1.9240e-01,0.124813
1.9243e-01,0.134031
1.9246e-01,0.143609
1.9250e-01,0.156031
1.9253e-01,0.163938
1.9256e-01,0.172844
1.9259e-01,0.180594
1.9262e-01,0.191578
1.9266e-01,0.198875
1.9269e-01,0.198078
1.9272e-01,0.199078
1.9275e-01,0.200484
1.9278e-01,0.199922
1.9282e-01,0.197391
1.9285e-01,0.190297
1.9288e-01,0.182219
1.9291e-01,0.174625
1.9294e-01,0.166172
1.9298e-01,0.156672
1.9301e-01,0.147172
1.9304e-01,0.138984
1.9307e-01,0.131422
1.9310e-01,0.124297
1.9314e-01,0.116906
1.9317e-01,0.112813
1.9320e-01,0.107281
1.9323e-01,0.101547
1.9326e-01,0.0996094
1.9330e-01,0.0992656
1.9333e-01,0.0998906
1.9336e-01,0.0992031
1.9339e-01,0.101172
1.9342e-01,0.103781
1.9346e-01,0.105953
1.9349e-01,0.107297
1.9352e-01,0.108094
1.9355e-01,0.110781
1.9358e-01,0.115281
1.9362e-01,0.118406
1.9365e-01,0.123859
1.9368e-01,0.127828
1.9371e-01,0.132469
1.9374e-01,0.139469
1.9378e-01,0.146188
1.9381e-01,0.152063
1.9384e-01,0.158266
1.9387e-01,0.167531
1.9390e-01,0.177844
1.9394e-01,0.190844
1.9397e-01,0.203094
1.9400e-01,0.213422
1.9403e-01,0.226703
1.9406e-01,0.24225
1.9410e-01,0.256766
1.9413e-01,0.267219
1.9416e-01,0.281125
1.9419e-01,0.288891
1.9422e-01,0.296672
1.9426e-01,0.296219
1.9429e-01,0.296531
1.9432e-01,0.296297
1.9435e-01,0.287594
1.9438e-01,0.279125
1.9442e-01,0.268859
1.9445e-01,0.253609
1.9448e-01,0.237094
1.9451e-01,0.217297
1.9454e-01,0.201875
1.9458e-01,0.182406
1.9461e-01,0.166203
1.9464e-01,0.148406
1.9467e-01,0.1355
1.9470e-01,0.123578
1.9474e-01,0.113953
1.9477e-01,0.103703
1.9480e-01,0.0974063
1.9483e-01,0.0908438
1.9486e-01,0.0859531
1.9490e-01,0.0826094
1.9493e-01,0.0820313
1.9496e-01,0.0798906
1.9499e-01,0.0771563
1.9502e-01,0.0765469
1.9506e-01,0.0770469
1.9509e-01,0.0774219
1.9512e-01,0.07775
1.9515e-01,0.0797813
1.9518e-01,0.0788594
1.9522e-01,0.0799531
1.9525e-01,0.0825
1.9528e-01,0.0858438
1.9531e-01,0.090375
1.9534e-01,0.0955625
1.9538e-01,0.100875
1.9541e-01,0.108063
1.9544e-01,0.115641
1.9547e-01,0.123531
1.9550e-01,0.135344
1.9554e-01,0.146
1.9557e-01,0.155188
1.9560e-01,0.164125
1.9563e-01,0.172547
1.9566e-01,0.180609
1.9570e-01,0.187109
1.9573e-01,0.195234
1.9576e-01,0.198484
1.9579e-01,0.203922
1.9582e-01,0.202609
1.9586e-01,0.198688
1.9589e-01,0.195672
1.9592e-01,0.188922
1.9595e-01,0.180188
1.9598e-01,0.169391
1.9602e-01,0.162031
1.9605e-01,0.151625
1.9608e-01,0.142563
1.9611e-01,0.131234
1.9614e-01,0.123406
1.9618e-01,0.113766
1.9621e-01,0.105344
1.9624e-01,0.0997969
1.9627e-01,0.0950156
1.9630e-01,0.0917188
1.9634e-01,0.0893906
1.9637e-01,0.0858438
1.9640e-01,0.0827188
1.9643e-01,0.0820313
1.9646e-01,0.0818125
1.9650e-01,0.0816406
1.9653e-01,0.0811406
1.9656e-01,0.0819219
1.9659e-01,0.0852656
1.9662e-01,0.0876094
1.9666e-01,0.0905781
1.9669e-01,0.0927344
1.9672e-01,0.0970156
1.9675e-01,0.104344
1.9678e-01,0.108609
1.9682e-01,0.115547
1.9685e-01,0.123188
1.9688e-01,0.132156
1.9691e-01,0.142734
1.9694e-01,0.152609
1.9698e-01,0.163156
1.9701e-01,0.179438
1.9704e-01,0.189516
1.9707e-01,0.200766
1.9710e-01,0.212344
1.9714e-01,0.221906
1.9717e-01,0.230188
1.9720e-01,0.238156
1.9723e-01,0.243859
1.9726e-01,0.245766
1.9730e-01,0.244547
1.9733e-01,0.244453
1.9736e-01,0.241016
1.9739e-01,0.235375
1.9742e-01,0.226594
1.9746e-01,0.217094
1.9749e-01,0.203719
1.9752e-01,0.191094
1.9755e-01,0.17825
1.9758e-01,0.162531
1.9762e-01,0.146828
1.9765e-01,0.130891
1.9768e-01,0.118375
1.9771e-01,0.105375
1.9774e-01,0.0924063
1.9778e-01,0.082125
1.9781e-01,0.0727031
1.9784e-01,0.0659688
1.9787e-01,0.0598438
1.9790e-01,0.0560469
1.9794e-01,0.0527344
1.9797e-01,0.05025
1.9800e-01,0.0490781
1.9803e-01,0.0475
1.9806e-01,0.0472031
1.9810e-01,0.0486563
1.9813e-01,0.0495625
1.9816e-01,0.0500938
1.9819e-01,0.0518281
1.9822e-01,0.0541875
1.9826e-01,0.0575781
1.9829e-01,0.0593594
1.9832e-01,0.062875
1.9835e-01,0.0685781
1.9838e-01,0.0719688
1.9842e-01,0.0770313
1.9845e-01,0.0809063
1.9848e-01,0.0855938
1.9851e-01,0.09175
1.9854e-01,0.0958125
1.9858e-01,0.0996406
1.9861e-01,0.104266
1.9864e-01,0.109172
1.9867e-01,0.114922
1.9870e-01,0.117219
1.9874e-01,0.120719
1.9877e-01,0.121672
1.9880e-01,0.120813
1.9883e-01,0.12075
1.9886e-01,0.119781
1.9890e-01,0.117
1.9893e-01,0.113703
1.9896e-01,0.108453
1.9899e-01,0.102344
1.9902e-01,0.0947656
1.9906e-01,0.0858125
1.9909e-01,0.0779375
1.9912e-01,0.0710625
1.9915e-01,0.0646875
1.9918e-01,0.0579531
1.9922e-01,0.0520469
1.9925e-01,0.0465781
1.9928e-01,0.0421094
1.9931e-01,0.0381563
1.9934e-01,0.034625
1.9938e-01,0.0320625
1.9941e-01,0.0297969
1.9944e-01,0.0270938
1.9947e-01,0.0261094
1.9950e-01,0.026
1.9954e-01,0.0244531
1.9957e-01,0.0232813
1.9960e-01,0.0234688
1.9963e-01,0.0244063
1.9966e-01,0.0249531
1.9970e-01,0.0256875
1.9973e-01,0.025625
1.9976e-01,0.0267813
1.9979e-01,0.0281094
1.9982e-01,0.0297656
1.9986e-01,0.0299844
1.9989e-01,0.0303594
1.9992e-01,0.0306094
1.9995e-01,0.0320313
1.9998e-01,0.0336719
2.0002e-01,0.0350938
2.0005e-01,0.0359688
2.0008e-01,0.0372656
2.0011e-01,0.037875
2.0014e-01,0.0391406
2.0018e-01,0.0398438
2.0021e-01,0.040875
2.0024e-01,0.0413906
2.0027e-01,0.0418906
2.0030e-01,0.0421875
2.0034e-01,0.0422813
2.0037e-01,0.0417813
2.0040e-01,0.0415938
2.0043e-01,0.0415781
2.0046e-01,0.0386719
2.0050e-01,0.0374844
2.0053e-01,0.0363438
2.0056e-01,0.03375
2.0059e-01,0.0325938
2.0062e-01,0.0289375
2.0066e-01,0.0273906
2.0069e-01,0.0257656
2.0072e-01,0.0243906
2.0075e-01,0.0221563
2.0078e-01,0.0215938
2.0082e-01,0.0207188
2.0085e-01,0.0195156
2.0088e-01,0.0181406
2.0091e-01,0.0178594
2.0094e-01,0.018
2.0098e-01,0.0179844
2.0101e-01,0.0184219
2.0104e-01,0.0179219
2.0107e-01,0.0168125
2.0110e-01,0.0172344
2.0114e-01,0.01625
2.0117e-01,0.0161719
2.0120e-01,0.0169063
2.0123e-01,0.0175625
2.0126e-01,0.0171406
2.0130e-01,0.0163906
2.0133e-01,0.0155625
2.0136e-01,0.0154219
2.0139e-01,0.0144844
2.0142e-01,0.0159688
2.0146e-01,0.0147188
2.0149e-01,0.0142813
2.0152e-01,0.0140938
2.0155e-01,0.0139375
2.0158e-01,0.0132031
2.0162e-01,0.013125
2.0165e-01,0.0130938
2.0168e-01,0.0123906
2.0171e-01,0.0123438
2.0174e-01,0.0126406
2.0178e-01,0.0127969
2.0181e-01,0.0133594
2.0184e-01,0.0128594
2.0187e-01,0.0129844
2.0190e-01,0.0133906
2.0194e-01,0.0134219
2.0197e-01,0.0137344
2.0200e-01,0.0139063
2.0203e-01,0.0145469
2.0206e-01,0.0144219
2.0210e-01,0.0149375
2.0213e-01,0.0144844
2.0216e-01,0.0141406
2.0219e-01,0.0148594
2.0222e-01,0.0153125
2.0226e-01,0.0152656
2.0229e-01,0.0152188
2.0232e-01,0.0154531
2.0235e-01,0.0158125
2.0238e-01,0.0163438
2.0242e-01,0.0172188
2.0245e-01,0.0174688
2.0248e-01,0.0178906
2.0251e-01,0.0179844
2.0254e-01,0.0187656
2.0258e-01,0.0201563
2.0261e-01,0.0214531
2.0264e-01,0.0219531
2.0267e-01,0.023125
2.0270e-01,0.023625
2.0274e-01,0.0254063
2.0277e-01,0.0268594
2.0280e-01,0.0283281
2.0283e-01,0.030125
2.0286e-01,0.0311406
2.0290e-01,0.0331406
2.0293e-01,0.036
2.0296e-01,0.0389688
2.0299e-01,0.0403281
2.0302e-01,0.0417813
2.0306e-01,0.0440625
2.0309e-01,0.0474063
2.0312e-01,0.0503594
2.0315e-01,0.0519219
2.0318e-01,0.0521563
2.0322e-01,0.0525
2.0325e-01,0.0551719
2.0328e-01,0.0564063
2.0331e-01,0.0565938
2.0334e-01,0.0570781
2.0338e-01,0.0560625
2.0341e-01,0.0539531
2.0344e-01,0.0515781
2.0347e-01,0.0489063
2.0350e-01,0.0462188
2.0354e-01,0.0439531
2.0357e-01,0.0415781
2.0360e-01,0.0396875
2.0363e-01,0.0362813
2.0366e-01,0.0344063
2.0370e-01,0.0333594
2.0373e-01,0.0320781
2.0376e-01,0.0303906
2.0379e-01,0.0299688
2.0382e-01,0.0299219
2.0386e-01,0.0295469
2.0389e-01,0.0293594
2.0392e-01,0.029
2.0395e-01,0.0294375
2.0398e-01,0.0305156
2.0402e-01,0.0328125
2.0405e-01,0.0345
2.0408e-01,0.0360938
2.0411e-01,0.0374531
2.0414e-01,0.0401563
2.0418e-01,0.0425
2.0421e-01,0.0452813
2.0424e-01,0.0484844
2.0427e-01,0.0521719
2.0430e-01,0.0552969
2.0434e-01,0.0592031
2.0437e-01,0.0638125
2.0440e-01,0.0691719
2.0443e-01,0.073625
2.0446e-01,0.07875
2.0450e-01,0.0827969
2.0453e-01,0.0888594
2.0456e-01,0.0936406
2.0459e-01,0.0983281
2.0462e-01,0.102359
2.0466e-01,0.10475
2.0469e-01,0.107516
2.0472e-01,0.111828
2.0475e-01,0.113047
2.0478e-01,0.115641
2.0482e-01,0.113219
2.0485e-01,0.108656
2.0488e-01,0.105969
2.0491e-01,0.104734
2.0494e-01,0.102938
2.0498e-01,0.0993594
2.0501e-01,0.0946563
2.0504e-01,0.0888906
2.0507e-01,0.0835938
2.0510e-01,0.0792188
2.0514e-01,0.0768125
2.0517e-01,0.0740781
2.0520e-01,0.0713281
2.0523e-01,0.0668906
2.0526e-01,0.0660938
2.0530e-01,0.0635938
2.0533e-01,0.062125
2.0536e-01,0.0616406
2.0539e-01,0.0611094
2.0542e-01,0.0620625
2.0546e-01,0.0630938
2.0549e-01,0.0631094
2.0552e-01,0.0673281
2.0555e-01,0.06875
2.0558e-01,0.0704063
2.0562e-01,0.0741563
2.0565e-01,0.0774531
2.0568e-01,0.08275
2.0571e-01,0.0893281
2.0574e-01,0.0973125
2.0578e-01,0.105844
2.0581e-01,0.114297
2.0584e-01,0.124672
2.0587e-01,0.136828
2.0590e-01,0.148609
2.0594e-01,0.161375
2.0597e-01,0.172953
2.0600e-01,0.184953
2.0603e-01,0.200094
2.0606e-01,0.210109
2.0610e-01,0.222969
2.0613e-01,0.234
2.0616e-01,0.2455
2.0619e-01,0.254328
2.0622e-01,0.259438
2.0626e-01,0.265563
2.0629e-01,0.266891
2.0632e-01,0.265594
2.0635e-01,0.262172
2.0638e-01,0.254578
2.0642e-01,0.244297
2.0645e-01,0.231969
2.0648e-01,0.219109
2.0651e-01,0.204828
2.0654e-01,0.187
2.0658e-01,0.172063
2.0661e-01,0.158188
2.0664e-01,0.142781
2.0667e-01,0.129766
2.0670e-01,0.113984
2.0674e-01,0.103328
2.0677e-01,0.094875
2.0680e-01,0.0867969
2.0683e-01,0.0794844
2.0686e-01,0.0735938
2.0690e-01,0.0695781
2.0693e-01,0.0661094
2.0696e-01,0.0637188
2.0699e-01,0.0619375
2.0702e-01,0.0627969
2.0706e-01,0.0625625
2.0709e-01,0.06425
2.0712e-01,0.0658594
2.0715e-01,0.0688906
2.0718e-01,0.0732031
2.0722e-01,0.076625
2.0725e-01,0.0819063
2.0728e-01,0.0883438
2.0731e-01,0.0959219
2.0734e-01,0.104344
2.0738e-01,0.113
2.0741e-01,0.121141
2.0744e-01,0.129609
2.0747e-01,0.140156
2.0750e-01,0.149625
2.0754e-01,0.156797
2.0757e-01,0.167969
2.0760e-01,0.176313
2.0763e-01,0.180547
2.0766e-01,0.183313
2.0770e-01,0.189688
2.0773e-01,0.191063
2.0776e-01,0.191328
2.0779e-01,0.190484
2.0782e-01,0.188109
2.0786e-01,0.185672
2.0789e-01,0.180578
2.0792e-01,0.172969
2.0795e-01,0.164719
2.0798e-01,0.158766
2.0802e-01,0.149094
2.0805e-01,0.141859
2.0808e-01,0.132938
2.0811e-01,0.124906
2.0814e-01,0.120813
2.0818e-01,0.115141
2.0821e-01,0.110203
2.0824e-01,0.10625
2.0827e-01,0.104375
2.0830e-01,0.101172
2.0834e-01,0.101016
2.0837e-01,0.100031
2.0840e-01,0.102531
2.0843e-01,0.104766
2.0846e-01,0.105469
2.0850e-01,0.106375
2.0853e-01,0.108781
2.0856e-01,0.112953
2.0859e-01,0.118094
2.0862e-01,0.123359
2.0866e-01,0.128469
2.0869e-01,0.135609
2.0872e-01,0.138563
2.0875e-01,0.146047
2.0878e-01,0.155844
2.0882e-01,0.163375
2.0885e-01,0.176172
2.0888e-01,0.185922
2.0891e-01,0.198984
2.0894e-01,0.210938
2.0898e-01,0.224016
2.0901e-01,0.236516
2.0904e-01,0.24775
2.0907e-01,0.258781
2.0910e-01,0.268906
2.0914e-01,0.279266
2.0917e-01,0.286734
2.0920e-01,0.291422
2.0923e-01,0.294203
2.0926e-01,0.293266
2.0930e-01,0.288422
2.0933e-01,0.281328
2.0936e-01,0.274
2.0939e-01,0.263016
2.0942e-01,0.249016
2.0946e-01,0.234844
2.0949e-01,0.215344
2.0952e-01,0.196578
2.0955e-01,0.178656
2.0958e-01,0.160906
2.0962e-01,0.145844
2.0965e-01,0.13275
2.0968e-01,0.121297
2.0971e-01,0.110969
2.0974e-01,0.101344
2.0978e-01,0.095125
2.0981e-01,0.0890156
2.0984e-01,0.0842656
2.0987e-01,0.0816563
2.0990e-01,0.0799375
2.0994e-01,0.078875
2.0997e-01,0.0779688
2.1000e-01,0.0773281
2.1003e-01,0.077625
2.1006e-01,0.0792188
2.1010e-01,0.0793125
2.1013e-01,0.0797344
2.1016e-01,0.0823281
2.1019e-01,0.0842656
2.1022e-01,0.0858438
2.1026e-01,0.0913594
2.1029e-01,0.096875
2.1032e-01,0.1025
2.1035e-01,0.109359
2.1038e-01,0.116813
2.1042e-01,0.124531
2.1045e-01,0.1365
2.1048e-01,0.145609
2.1051e-01,0.154734
2.1054e-01,0.165297
2.1058e-01,0.171297
2.1061e-01,0.178547
2.1064e-01,0.183594
2.1067e-01,0.189391
2.1070e-01,0.1895
2.1074e-01,0.191359
2.1077e-01,0.192172
2.1080e-01,0.192156
2.1083e-01,0.186906
2.1086e-01,0.181188
2.1090e-01,0.177344
2.1093e-01,0.167172
2.1096e-01,0.158281
2.1099e-01,0.150016
2.1102e-01,0.140672
2.1106e-01,0.131234
2.1109e-01,0.122344
2.1112e-01,0.115422
2.1115e-01,0.11025
2.1118e-01,0.102344
2.1122e-01,0.095375
2.1125e-01,0.091125
2.1128e-01,0.087875
2.1131e-01,0.0852188
2.1134e-01,0.0847188
2.1138e-01,0.0834063
2.1141e-01,0.0822188
2.1144e-01,0.0843438
2.1147e-01,0.0872656
2.1150e-01,0.0876719
2.1154e-01,0.089125
2.1157e-01,0.093125
2.1160e-01,0.0969844
2.1163e-01,0.101906
2.1166e-01,0.107453
2.1170e-01,0.114906
2.1173e-01,0.12175
2.1176e-01,0.128594
2.1179e-01,0.139016
2.1182e-01,0.149594
2.1186e-01,0.161516
2.1189e-01,0.171313
2.1192e-01,0.183453
2.1195e-01,0.193094
2.1198e-01,0.203016
2.1202e-01,0.214984
2.1205e-01,0.22375
2.1208e-01,0.227609
2.1211e-01,0.235125
2.1214e-01,0.237641
2.1218e-01,0.239078
2.1221e-01,0.243688
2.1224e-01,0.239359
2.1227e-01,0.233719
2.1230e-01,0.228109
2.1234e-01,0.216719
2.1237e-01,0.205219
2.1240e-01,0.195953
2.1243e-01,0.183172
2.1246e-01,0.167406
2.1250e-01,0.152953
2.1253e-01,0.137734
2.1256e-01,0.124781
2.1259e-01,0.112766
2.1262e-01,0.0980313
2.1266e-01,0.0883281
2.1269e-01,0.0779688
2.1272e-01,0.0699375
2.1275e-01,0.0625156
2.1278e-01,0.0564688
2.1282e-01,0.0532031
2.1285e-01,0.0501563
2.1288e-01,0.049125
2.1291e-01,0.047875
2.1294e-01,0.048125
2.1298e-01,0.0488438
2.1301e-01,0.0498125
2.1304e-01,0.0501563
2.1307e-01,0.0536875
2.1310e-01,0.0542813
2.1314e-01,0.0571875
2.1317e-01,0.0605938
2.1320e-01,0.0634375
2.1323e-01,0.0677969
2.1326e-01,0.0716406
2.1330e-01,0.0759375
2.1333e-01,0.0798906
2.1336e-01,0.0857656
2.1339e-01,0.0911875
2.1342e-01,0.0958281
2.1346e-01,0.0988125
2.1349e-01,0.104844
2.1352e-01,0.107656
2.1355e-01,0.111344
2.1358e-01,0.113625
2.1362e-01,0.115328
2.1365e-01,0.115844
2.1368e-01,0.116266
2.1371e-01,0.115078
2.1374e-01,0.113438
2.1378e-01,0.110734
2.1381e-01,0.107141
2.1384e-01,0.101797
2.1387e-01,0.0970625
2.1390e-01,0.0927031
2.1394e-01,0.0855469
2.1397e-01,0.0780938
2.1400e-01,0.0720313
2.1403e-01,0.0639844
2.1406e-01,0.0575469
2.1410e-01,0.051875
2.1413e-01,0.0468125
2.1416e-01,0.0426094
2.1419e-01,0.0386719
2.1422e-01,0.0352813
2.1426e-01,0.0333281
2.1429e-01,0.03075
2.1432e-01,0.0286406
2.1435e-01,0.0271719
2.1438e-01,0.0262344
2.1442e-01,0.0260156
2.1445e-01,0.0261406
2.1448e-01,0.0255313
2.1451e-01,0.0256719
2.1454e-01,0.0260313
2.1458e-01,0.0267344
2.1461e-01,0.0265
2.1464e-01,0.0266563
2.1467e-01,0.0274531
2.1470e-01,0.0288906
2.1474e-01,0.0294688
2.1477e-01,0.0306719
2.1480e-01,0.0310156
2.1483e-01,0.0325156
2.1486e-01,0.03425
2.1490e-01,0.0363594
2.1493e-01,0.0374063
2.1496e-01,0.0393906
2.1499e-01,0.0400469
2.1502e-01,0.0415313
2.1506e-01,0.0416875
2.1509e-01,0.0415781
2.1512e-01,0.0417969
2.1515e-01,0.0418125
2.1518e-01,0.04175
2.1522e-01,0.0404375
2.1525e-01,0.0393594
2.1528e-01,0.0397969
2.1531e-01,0.0388281
2.1534e-01,0.037125
2.1538e-01,0.0360156
2.1541e-01,0.0338906
2.1544e-01,0.0317344
2.1547e-01,0.03
2.1550e-01,0.0279688
2.1554e-01,0.0265156
2.1557e-01,0.0236094
2.1560e-01,0.0224531
2.1563e-01,0.0223906
2.1566e-01,0.0206719
2.1570e-01,0.0204063
2.1573e-01,0.0186094
2.1576e-01,0.0179688
2.1579e-01,0.017625
2.1582e-01,0.0175625
2.1586e-01,0.0168125
2.1589e-01,0.0156719
2.1592e-01,0.0158906
2.1595e-01,0.0159844
2.1598e-01,0.0169219
2.1602e-01,0.0164531
2.1605e-01,0.0167813
2.1608e-01,0.0160625
2.1611e-01,0.0166094
2.1614e-01,0.0165156
2.1618e-01,0.0162188
2.1621e-01,0.0160469
2.1624e-01,0.0152344
2.1627e-01,0.0144531
2.1630e-01,0.0140156
2.1634e-01,0.014
2.1637e-01,0.014
2.1640e-01,0.0139375
2.1643e-01,0.0139688
2.1646e-01,0.0128125
2.1650e-01,0.0122813
2.1653e-01,0.0126719
2.1656e-01,0.0131406
2.1659e-01,0.0130313
2.1662e-01,0.0130625
2.1666e-01,0.012625
2.1669e-01,0.0129531
2.1672e-01,0.0134219
2.1675e-01,0.0139844
2.1678e-01,0.0138438
2.1682e-01,0.0135156
2.1685e-01,0.0140313
2.1688e-01,0.0145938
2.1691e-01,0.0150938
2.1694e-01,0.0143125
2.1698e-01,0.0141094
2.1701e-01,0.0141094
2.1704e-01,0.0140156
2.1707e-01,0.0142813
2.1710e-01,0.0149063
2.1714e-01,0.0142344
2.1717e-01,0.014625
2.1720e-01,0.0155781
2.1723e-01,0.0163125
2.1726e-01,0.0173906
2.1730e-01,0.018
2.1733e-01,0.0185156
2.1736e-01,0.0190469
2.1739e-01,0.0194531
2.1742e-01,0.0207031
2.1746e-01,0.0213438
2.1749e-01,0.0215781
2.1752e-01,0.0232656
2.1755e-01,0.0248906
2.1758e-01,0.02625
2.1762e-01,0.0271875
2.1765e-01,0.0289063
2.1768e-01,0.0297969
2.1771e-01,0.0317969
2.1774e-01,0.0336563
2.1778e-01,0.0356094
2.1781e-01,0.0384531
2.1784e-01,0.0402031
2.1787e-01,0.042375
2.1790e-01,0.0453438
2.1794e-01,0.046375
2.1797e-01,0.0477656
2.1800e-01,0.0497813
2.1803e-01,0.0522969
2.1806e-01,0.0532031
2.1810e-01,0.0530313
2.1813e-01,0.0535313
2.1816e-01,0.0544063
2.1819e-01,0.0536563
2.1822e-01,0.0530625
2.1826e-01,0.0518594
2.1829e-01,0.0496563
2.1832e-01,0.0489063
2.1835e-01,0.0456719
2.1838e-01,0.044625
2.1842e-01,0.0420781
2.1845e-01,0.0391563
2.1848e-01,0.0374688
2.1851e-01,0.0363438
2.1854e-01,0.0347344
2.1858e-01,0.0332969
2.1861e-01,0.0308594
2.1864e-01,0.0299531
2.1867e-01,0.0284219
2.1870e-01,0.0289375
2.1874e-01,0.0298438
2.1877e-01,0.03025
2.1880e-01,0.0316563
2.1883e-01,0.0323125
2.1886e-01,0.0336406
2.1890e-01,0.0347813
2.1893e-01,0.0368906
2.1896e-01,0.0392656
2.1899e-01,0.0404688
2.1902e-01,0.0426875
2.1906e-01,0.0468125
2.1909e-01,0.0489063
2.1912e-01,0.051625
2.1915e-01,0.0544063
2.1918e-01,0.0591875
2.1922e-01,0.0635156
2.1925e-01,0.06875
2.1928e-01,0.0744219
2.1931e-01,0.0808125
2.1934e-01,0.0853594
2.1938e-01,0.0916563
2.1941e-01,0.0953594
2.1944e-01,0.0972344
2.1947e-01,0.0989844
2.1950e-01,0.101328
2.1954e-01,0.105422
2.1957e-01,0.108656
2.1960e-01,0.111406
2.1963e-01,0.109828
2.1966e-01,0.109359
2.1970e-01,0.109984
2.1973e-01,0.108563
2.1976e-01,0.107344
2.1979e-01,0.102875
2.1982e-01,0.0996094
2.1986e-01,0.0968281
2.1989e-01,0.0938281
2.1992e-01,0.0899688
2.1995e-01,0.086
2.1998e-01,0.0802031
2.2002e-01,0.0754063
2.2005e-01,0.0732656
2.2008e-01,0.0704375
2.2011e-01,0.0680781
2.2014e-01,0.0657031
2.2018e-01,0.0652031
2.2021e-01,0.0632188
2.2024e-01,0.0635
2.2027e-01,0.064625
2.2030e-01,0.0650313
2.2034e-01,0.0649688
2.2037e-01,0.0663906
2.2040e-01,0.0676094
2.2043e-01,0.0706094
2.2046e-01,0.0731406
2.2050e-01,0.0781719
2.2053e-01,0.0824063
2.2056e-01,0.0878594
2.2059e-01,0.0953125
2.2062e-01,0.0996875
2.2066e-01,0.106703
2.2069e-01,0.110766
2.2072e-01,0.11625
2.2075e-01,0.122125
2.2078e-01,0.126844
2.2082e-01,0.130766
2.2085e-01,0.131813
2.2088e-01,0.133281
2.2091e-01,0.135016
2.2094e-01,0.133672
2.2098e-01,0.131141
2.2101e-01,0.128531
2.2104e-01,0.125906
2.2107e-01,0.124172
2.2110e-01,0.120828
2.2114e-01,0.116156
2.2117e-01,0.112641
2.2120e-01,0.106906
2.2123e-01,0.101281
2.2126e-01,0.0966406
2.2130e-01,0.0909844
2.2133e-01,0.0852031
2.2136e-01,0.0807344
2.2139e-01,0.076375
2.2142e-01,0.0719844
2.2146e-01,0.0703906
2.2149e-01,0.0683594
2.2152e-01,0.0659844
2.2155e-01,0.0654219
2.2158e-01,0.064875
2.2162e-01,0.0653125
2.2165e-01,0.066875
2.2168e-01,0.0716406
2.2171e-01,0.0767656
2.2174e-01,0.0820469
2.2178e-01,0.0885
2.2181e-01,0.0938125
2.2184e-01,0.100797
2.2187e-01,0.103125
2.2190e-01,0.104891
2.2194e-01,0.105375
2.2197e-01,0.103656
2.2200e-01,0.0989688
2.2203e-01,0.0904844
2.2206e-01,0.0818438
2.2210e-01,0.0731719
2.2213e-01,0.0638438
2.2216e-01,0.05525
2.2219e-01,0.0492031
2.2222e-01,0.0443906
2.2226e-01,0.04
2.2229e-01,0.0355938
2.2232e-01,0.0348438
2.2235e-01,0.0376094
2.2238e-01,0.0400781
2.2242e-01,0.0435781
2.2245e-01,0.0474531
2.2248e-01,0.0501094
2.2251e-01,0.0516406
2.2254e-01,0.050125
2.2258e-01,0.046625
2.2261e-01,0.040875
2.2264e-01,0.0367344
2.2267e-01,0.0315938
2.2270e-01,0.0275469
2.2274e-01,0.0242656
2.2277e-01,0.0216094
2.2280e-01,0.0194219
2.2283e-01,0.0176875
2.2286e-01,0.0157656
2.2290e-01,0.0147969
2.2293e-01,0.0147188
2.2296e-01,0.0143594
2.2299e-01,0.0148125
2.2302e-01,0.0147656
2.2306e-01,0.0155938
2.2309e-01,0.0154844
2.2312e-01,0.0164375
2.2315e-01,0.0167188
2.2318e-01,0.0177813
2.2322e-01,0.0196719
2.2325e-01,0.0235469
2.2328e-01,0.0279219
2.2331e-01,0.0324844
2.2334e-01,0.0357031
2.2338e-01,0.0362188
2.2341e-01,0.0349375
2.2344e-01,0.0315625
2.2347e-01,0.0299844
2.2350e-01,0.0289375
2.2354e-01,0.0304531
2.2357e-01,0.0366719
2.2360e-01,0.0495156
2.2363e-01,0.0666563
2.2366e-01,0.0818281
2.2370e-01,0.0914531
2.2373e-01,0.0936094
2.2376e-01,0.0889688
2.2379e-01,0.077875
2.2382e-01,0.0676406
2.2386e-01,0.0629375
2.2389e-01,0.0662188
2.2392e-01,0.0871406
2.2395e-01,0.120422
2.2398e-01,0.155625
2.2402e-01,0.176391
2.2405e-01,0.180609
2.2408e-01,0.168172
2.2411e-01,0.145953
2.2414e-01,0.127578
2.2418e-01,0.114141
2.2421e-01,0.110313
2.2424e-01,0.119672
2.2427e-01,0.139719
2.2430e-01,0.155734
2.2434e-01,0.158281
2.2437e-01,0.145281
2.2440e-01,0.128234
2.2443e-01,0.11525
2.2446e-01,0.104953
2.2450e-01,0.106313
2.2453e-01,0.1265
2.2456e-01,0.166516
2.2459e-01,0.202594
2.2462e-01,0.220422
2.2466e-01,0.212172
2.2469e-01,0.192047
2.2472e-01,0.165422
2.2475e-01,0.14325
2.2478e-01,0.131594
2.2482e-01,0.137125
2.2485e-01,0.150828
2.2488e-01,0.161609
2.2491e-01,0.158719
2.2494e-01,0.142797
2.2498e-01,0.120188
2.2501e-01,0.102859
2.2504e-01,0.0987656
2.2507e-01,0.118031
2.2510e-01,0.155813
2.2514e-01,0.188125
2.2517e-01,0.194547
2.2520e-01,0.178438
2.2523e-01,0.149703
2.2526e-01,0.125313
2.2530e-01,0.106266
2.2533e-01,0.0970938
2.2536e-01,0.0983906
2.2539e-01,0.103688
2.2542e-01,0.101063
2.2546e-01,0.0915
2.2549e-01,0.07975
2.2552e-01,0.0665156
2.2555e-01,0.0541875
2.2558e-01,0.0492188
2.2562e-01,0.0497813
2.2565e-01,0.05175
2.2568e-01,0.0498438
2.2571e-01,0.0436094
2.2574e-01,0.0375625
2.2578e-01,0.0308594
2.2581e-01,0.025875
2.2584e-01,0.0220313
2.2587e-01,0.0195156
2.2590e-01,0.0180313
2.2594e-01,0.0167188
2.2597e-01,0.0166719
2.2600e-01,0.01775
2.2603e-01,0.0181094
2.2606e-01,0.0213906
2.2610e-01,0.026625
2.2613e-01,0.0324063
2.2616e-01,0.032875
2.2619e-01,0.0310781
2.2622e-01,0.0288594
2.2626e-01,0.0305
2.2629e-01,0.0432969
2.2632e-01,0.0625313
2.2635e-01,0.0780313
2.2638e-01,0.0825625
2.2642e-01,0.0794688
2.2645e-01,0.0709375
2.2648e-01,0.0694219
2.2651e-01,0.0867656
2.2654e-01,0.124063
2.2658e-01,0.153953
2.2661e-01,0.159344
2.2664e-01,0.148281
2.2667e-01,0.131313
2.2670e-01,0.120594
2.2674e-01,0.123109
2.2677e-01,0.140563
2.2680e-01,0.149984
2.2683e-01,0.141391
2.2686e-01,0.127156
2.2690e-01,0.113734
2.2693e-01,0.111859
2.2696e-01,0.136188
2.2699e-01,0.175547
2.2702e-01,0.194016
2.2706e-01,0.186703
2.2709e-01,0.171234
2.2712e-01,0.153234
2.2715e-01,0.14125
2.2718e-01,0.148484
2.2722e-01,0.157719
2.2725e-01,0.153203
2.2728e-01,0.13375
2.2731e-01,0.114047
2.2734e-01,0.108906
2.2738e-01,0.128766
2.2741e-01,0.164719
2.2744e-01,0.178938
2.2747e-01,0.166453
2.2750e-01,0.144781
2.2754e-01,0.122563
2.2757e-01,0.107422
2.2760e-01,0.103719
2.2763e-01,0.103297
2.2766e-01,0.0955938
2.2770e-01,0.0830938
2.2773e-01,0.0711719
2.2776e-01,0.0585781
2.2779e-01,0.05375
2.2782e-01,0.0523125
2.2786e-01,0.0486875
2.2789e-01,0.0442188
2.2792e-01,0.0370313
2.2795e-01,0.0309531
2.2798e-01,0.02675
2.2802e-01,0.0219063
2.2805e-01,0.0191094
2.2808e-01,0.018
2.2811e-01,0.0177188
2.2814e-01,0.0180781
2.2818e-01,0.0214219
2.2821e-01,0.0262031
2.2824e-01,0.0296563
2.2827e-01,0.0293125
2.2830e-01,0.0297188
2.2834e-01,0.0319531
2.2837e-01,0.0439219


